locus tag	gene name	gene annotation	known reactant?	hit in which assay?	Z-score pure	Z-score lysate	change direction	ion m/z	annotation	annotation	annotation	annotation	annotation	annotation	annotation	annotation	annotation	annotation	annotation	annotation	annotation	annotation	annotation	annotation	annotation	annotation	annotation	annotation	annotation	annotation	annotation	annotation	annotation	annotation	annotation	annotation	annotation	annotation	annotation	annotation	annotation	annotation	annotation	annotation	annotation	annotation	annotation	annotation	annotation	annotation	annotation	annotation	annotation	annotation	annotation	annotation	annotation	annotation	annotation	annotation	annotation	annotation	annotation	annotation	annotation	annotation	annotation	annotation
b0118	acnB	bifunctional aconitate hydratase 2/2-methylisocitrate dehydratase	n.a.	PURE ONLY	5.33	-0.28	product	624.4710																																																												
b3665	ade	cryptic adenine deaminase	n.a.	LYSATE ONLY	-0.18	7.63	product	841.2590																																																												
b1002	agp	glucose-1-phosphatase/inositol phosphatase	KNOWN	LYSATE ONLY	-0.44	-5.11	substrate	259.0233	D-Fructose 6-phosphate [M-H]-	D-Glucose 6-phosphate [M-H]-	D-Glucose 1-phosphate [M-H]-	D-Mannose 6-phosphate [M-H]-	alpha-D-Galactose 1-phosphate [M-H]-	D-Mannose 1-phosphate [M-H]-	beta-D-Glucose 1-phosphate [M-H]-	alpha-D-Glucose 6-phosphate [M-H]-	D-Fructose 1-phosphate [M-H]-	D-Tagatose 6-phosphate [M-H]-	beta-D-Glucose 6-phosphate [M-H]-	Inositol 1-phosphate [M-H]-	beta-D-Fructose 2-phosphate [M-H]-	myo-Inositol 4-phosphate [M-H]-	1D-myo-Inositol 3-phosphate [M-H]-	beta-D-Fructose 6-phosphate [M-H]-	L-Cystine [M+F]-																																											
b0516	allC	allantoate amidohydrolase	n.a.	LYSATE ONLY	0.07	7.74	product	837.7561																																																												
b2818	argA	fused acetylglutamate kinase homolog (inactive)/amino acid N-acetyltransferase	KNOWN	LYSATE ONLY	1.37	17.49	product	188.0545	N-Acetyl-L-glutamate [M-H]-	L-2-Amino-6-oxoheptanedioate [M-H]-																																																										
b2818	argA	fused acetylglutamate kinase homolog (inactive)/amino acid N-acetyltransferase	n.a.	LYSATE ONLY	-0.09	5.68	product	188.0899																																																												
b2818	argA	fused acetylglutamate kinase homolog (inactive)/amino acid N-acetyltransferase	KNOWN	PURE ONLY	26.20	0.83	product	459.1372	Propanoate [M-H [CORR]]-	Succinate [M-H [CORR]]-	L-Glutamate [M-H [CORR]]-	Sucrose [M-H [CORR]]-	Fructoselysine 6-phosphate [M-H [CORR]]-	Glutathione disulfide [M-H [CORR]]-	(S)-Lactaldehyde [M-H [CORR]]-	Methylmalonate [M-H [CORR]]-	D-Glutamate [M-H [CORR]]-	Cellobiose [M-H [CORR]]-	(R)-Lactaldehyde [M-H [CORR]]-	DL-Glutamate [M-H [CORR]]-	Maltose [M-H [CORR]]-	3-Hydroxypropanal [M-H [CORR]]-	O-Acetyl-L-serine [M-H [CORR]]-	Lactose [M-H [CORR]]-	Hydroxyacetone [M-H [CORR]]-	L-threo-3-Methylaspartate [M-H [CORR]]-	Isomaltose [M-H [CORR]]-	Lactaldehyde [M-H [CORR]]-	L-4-Hydroxyglutamate semialdehyde [M-H [CORR]]-	alpha,alpha-Trehalose [M-H [CORR]]-	2-Oxo-4-hydroxy-5-aminovalerate [M-H [CORR]]-	alpha-D-Galactosyl-(1->3)-1D-myo-inositol [M-H [CORR]]-	Epimelibiose [M-H [CORR]]-	Melibiose [M-H [CORR]]-																																		
b2715	ascF	fused cellobiose/arbutin/salicin-specific PTS enzymes: IIB component/IC component	n.a.	LYSATE ONLY	-0.15	7.05	product	812.7594																																																												
b3744	asnA	asparagine synthetase A	KNOWN	PURE ONLY	-12.33	-0.57	substrate	431.1418	4-Aminobutanoate [M-H [CORR]]-	L-Aspartate [M-H [CORR]]-	L-Arginine [M-H [CORR]]-	O-Phospho-L-serine [M-H [CORR]]-	Uridine [M-H [CORR]]-	2,4-Bis(acetamido)-2,4,6-trideoxy-beta-L-altropyranose [M-H [CORR]]-	Pyridoxal phosphate [M-H [CORR]]-	Dihydroshikonofuran [M-H [CORR]]-	N-Acetylneuraminate [M-H [CORR]]-	N,N-Dimethylglycine [M-H [CORR]]-	D-Aspartate [M-H [CORR]]-	Pseudouridine [M-H [CORR]]-	-7-Isomethyljasmonate [M.H/Na-H [CORR]]-	L-Glutamyl 5-phosphate [M+F [CORR]]-	L-3-Amino-isobutanoate [M-H [CORR]]-	Piceatannol [M-H [CORR]]-	Trinitrotoluene [M+F [CORR]]-																																											
b1748	astC	succinylornithine transaminase, PLP-dependent	KNOWN	BOTH	18.18	15.89	product	145.0139	2-Oxoglutarate [M-H]-	5-Hydroxy-2,4-dioxopentanoate [M-H]-	Methyloxaloacetate [M-H]-																																																									
b1748	astC	succinylornithine transaminase, PLP-dependent	UNKNOWN	LYSATE ONLY	0.91	6.08	product	163.0407	Phenylpyruvate [M-H]-	4-Coumarate [M-H]-	trans-2-Hydroxycinnamate [M-H]-	2-Hydroxy-3-phenylpropenoate [M-H]-	cis-2-Hydroxycinnamate [M-H]-	3-Oxo-3-phenylpropanoate [M-H]-	trans-3-Hydroxycinnamate [M-H]-	2,3-Dimethylmaleate [M+F]-	Methylitaconate [M+F]-	2-Methyleneglutarate [M+F]-																																																		
b1748	astC	succinylornithine transaminase, PLP-dependent	n.a.	BOTH	13.40	11.50	product	166.9949																																																												
b1748	astC	succinylornithine transaminase, PLP-dependent	n.a.	LYSATE ONLY	0.62	12.09	product	546.7773																																																												
b1748	astC	succinylornithine transaminase, PLP-dependent	KNOWN	BOTH	18.08	12.11	product	694.4738	L-Glutamate [M-H [CORR]]-	D-Glutamate [M-H [CORR]]-	DL-Glutamate [M-H [CORR]]-	O-Acetyl-L-serine [M-H [CORR]]-	L-threo-3-Methylaspartate [M-H [CORR]]-	L-4-Hydroxyglutamate semialdehyde [M-H [CORR]]-	2-Oxo-4-hydroxy-5-aminovalerate [M-H [CORR]]-																																																					
b3735	atpH	F1 sector of membrane-bound ATP synthase, delta subunit	KNOWN	LYSATE ONLY	0.38	15.55	product	386.1151	'5''-Methylthioadenosine [M-H [CORR]]-'	'5,5''-Dehydrodivanillate [M-H [CORR]]-'	ATP [M-H [CORR]]-	2,5-Diaminopyrimidine nucleoside triphosphate [M.H/K-H [CORR]]-	Geranyl diphosphate [M+F [CORR]]-	dGTP [M-H [CORR]]-	'2,5-Diamino-6-(5''-triphosphoryl-3'',4''-trihydroxy-2''-oxopentyl)-amino-4-oxopyrimidine [M.H/K-H [CORR]]-'																																																					
b0103	coaE	dephospho-CoA kinase	KNOWN	LYSATE ONLY	0.00	6.50	product	403.5563	'5''-Methylthioadenosine [M-H [CORR]]-'	'5,5''-Dehydrodivanillate [M-H [CORR]]-'	ADP [M-H [CORR]]-	ATP [M-H [CORR]]-	ITP [M-H [CORR]]-	2,5-Diaminopyrimidine nucleoside triphosphate [M.H/K-H [CORR]]-	Acetyl-CoA [M-H [CORR]]-	Geranyl diphosphate [M+F [CORR]]-	'Adenosine 3'',5''-bisphosphate [M-H [CORR]]-'	dGTP [M-H [CORR]]-	'2,5-Diamino-6-(5''-triphosphoryl-3'',4''-trihydroxy-2''-oxopentyl)-amino-4-oxopyrimidine [M.H/K-H [CORR]]-'	dGDP [M-H [CORR]]-																																																
b2472	dapE	N-succinyl-diaminopimelate deacylase	KNOWN	BOTH	11.11	19.42	product	464.2913	Succinate [M-H [CORR]]-	Methylmalonate [M-H [CORR]]-																																																										
b3693	dgoK	2-oxo-3-deoxygalactonate kinase	n.a.	PURE ONLY	7.02	2.03	product	852.8234																																																												
b0596	entA	2,3-dihydro-2,3-dihydroxybenzoate dehydrogenase	n.a.	PURE ONLY	6.47	-0.82	product	55.5366																																																												
b0593	entC	isochorismate synthase 1	n.a.	PURE ONLY	9.33	0.39	product	837.7561																																																												
b2440	eutC	ethanolamine ammonia-lyase, small subunit (light chain)	n.a.	LYSATE ONLY	-0.18	8.39	product	853.3244																																																												
b3846	fadB	fused 3-hydroxybutyryl-CoA epimerase/delta(3)-cis-delta(2)-trans-enoyl-CoA isomerase/enoyl-CoA hydratase/3-hydroxyacyl-CoA dehydrogenase	n.a.	LYSATE ONLY	0.19	12.30	product	515.7836																																																												
b1805	fadD	acyl-CoA synthetase (long-chain-fatty-acid--CoA ligase)	KNOWN	PURE ONLY	6.08	0.54	product	227.2024	Catechol [M-H [CORR]]-	L-Leucine [M-H [CORR]]-	2,3-Dihydroxybenzoate [M-H [CORR]]-	Hexadecanoic acid [M-H [CORR]]-	Hydroquinone [M-H [CORR]]-	L-Isoleucine [M-H [CORR]]-	3,4-Dihydroxybenzoate [M-H [CORR]]-	Resorcinol [M-H [CORR]]-	6-Aminohexanoate [M-H [CORR]]-	2,5-Dihydroxybenzoate [M-H [CORR]]-	Glycerone [M+F [CORR]]-	(3R)-beta-Leucine [M-H [CORR]]-	(S)-Malate [M+F [CORR]]-	(S)-Lactate [M+F [CORR]]-	(R)-Malate [M+F [CORR]]-	(R)-Lactate [M+F [CORR]]-	3-Dehydro-L-threonate [M+F [CORR]]-	D-Glyceraldehyde [M+F [CORR]]-	3-Hydroxypropanoate [M+F [CORR]]-																																									
b1805	fadD	acyl-CoA synthetase (long-chain-fatty-acid--CoA ligase)	KNOWN	BOTH	-7.14	-10.18	substrate	401.1318	4-Aminobutanoate [M-H [CORR]]-	L-Aspartate [M-H [CORR]]-	Toluene-4-sulfonate [M+1 M-H [CORR]]-	Pantothenate [M-H [CORR]]-	Uridine [M-H [CORR]]-	2,4-Bis(acetamido)-2,4,6-trideoxy-beta-L-altropyranose [M-H [CORR]]-	Hexadecanoic acid [M-H [CORR]]-	N,N-Dimethylglycine [M-H [CORR]]-	D-Aspartate [M-H [CORR]]-	Pseudouridine [M-H [CORR]]-	-7-Isomethyljasmonate [M.H/Na-H [CORR]]-	L-3-Amino-isobutanoate [M-H [CORR]]-	Piceatannol [M-H [CORR]]-																																															
b1805	fadD	acyl-CoA synthetase (long-chain-fatty-acid--CoA ligase)	n.a.	BOTH	10.80	5.86	product	580.3265																																																												
b2925	fbaA	fructose-bisphosphate aldolase, class II	KNOWN	PURE ONLY	12.14	3.49	product	168.9914	Glycerone phosphate [M-H]-	D-Glyceraldehyde 3-phosphate [M-H]-	(2S)-2-Phospholactate [M-H]-																																																									
b2925	fbaA	fructose-bisphosphate aldolase, class II	KNOWN	BOTH	-14.00	-6.12	substrate	338.9888	D-Fructose 1,6-bisphosphate [M-H]-	D-Mannose 1,6-bisphosphate [M-H]-	D-Tagatose 1,6-bisphosphate [M-H]-	beta-D-Fructose 1,6-bisphosphate [M-H]-																																																								
b2925	fbaA	fructose-bisphosphate aldolase, class II	n.a.	PURE ONLY	-8.96	-4.69	substrate	376.9477																																																												
b2925	fbaA	fructose-bisphosphate aldolase, class II	n.a.	PURE ONLY	7.35	4.07	product	511.1144																																																												
b2925	fbaA	fructose-bisphosphate aldolase, class II	n.a.	LYSATE ONLY	-0.61	5.35	product	569.1659																																																												
b0529	folD	bifunctional 5,10-methylene-tetrahydrofolate dehydrogenase/ 5,10-methylene-tetrahydrofolate cyclohydrolase	n.a.	PURE ONLY	8.97	0.50	product	668.6384																																																												
b2800	fucA	L-fuculose-1-phosphate aldolase	n.a.	LYSATE ONLY	-0.09	6.85	product	204.9285																																																												
b2800	fucA	L-fuculose-1-phosphate aldolase	KNOWN	PURE ONLY	8.67	0.37	product	243.0263	L-Fuculose 1-phosphate [M-H]-	L-Rhamnulose 1-phosphate [M-H]-																																																										
b2800	fucA	L-fuculose-1-phosphate aldolase	KNOWN	BOTH	-6.19	-12.10	substrate	439.0853	Propanoate [M-H [CORR]]-	Succinate [M-H [CORR]]-	L-Aspartate [M-H [CORR]]-	Citrate [M-H [CORR]]-	Pantothenate [M-H [CORR]]-	L-Histidinol phosphate [M+F [CORR]]-	2,4-Bis(acetamido)-2,4,6-trideoxy-beta-L-altropyranose [M-H [CORR]]-	Dihydroshikonofuran [M-H [CORR]]-	N-Acetylneuraminate [M-H [CORR]]-	Glutathione disulfide [M-H [CORR]]-	(S)-Lactaldehyde [M-H [CORR]]-	Methylmalonate [M-H [CORR]]-	D-Aspartate [M-H [CORR]]-	Isocitrate [M-H [CORR]]-	-7-Isomethyljasmonate [M.H/Na-H [CORR]]-	(R)-Lactaldehyde [M-H [CORR]]-	5-Dehydro-4-deoxy-D-glucarate [M-H [CORR]]-	3-Hydroxypropanal [M-H [CORR]]-	2-Dehydro-3-deoxy-D-glucarate [M-H [CORR]]-	Hydroxyacetone [M-H [CORR]]-	(4R,5S)-4,5,6-Trihydroxy-2,3-dioxohexanoate [M-H [CORR]]-	Lactaldehyde [M-H [CORR]]-	Toluene-4-sulfonate [M+F [CORR]]-																																					
b2662	gabT	4-aminobutyrate aminotransferase, PLP-dependent	KNOWN	BOTH	8.38	10.43	product	145.0139	2-Oxoglutarate [M-H]-	5-Hydroxy-2,4-dioxopentanoate [M-H]-	Methyloxaloacetate [M-H]-																																																									
b2662	gabT	4-aminobutyrate aminotransferase, PLP-dependent	n.a.	BOTH	5.85	9.71	product	166.9949																																																												
b2662	gabT	4-aminobutyrate aminotransferase, PLP-dependent	KNOWN	LYSATE ONLY	-0.81	17.76	product	172.0442	2-Aminophenol [M+1 M-H [CORR]]-	4-Hydroxyaniline [M+1 M-H [CORR]]-	Hydroxylaminobenzene [M+1 M-H [CORR]]-	L-Alanine [M+1 M+F [CORR]]-	beta-Alanine [M+1 M+F [CORR]]-	D-Alanine [M+1 M+F [CORR]]-	Sarcosine [M+1 M+F [CORR]]-	Alanine [M+1 M+F [CORR]]-																																																				
b1779	gapA	glyceraldehyde-3-phosphate dehydrogenase A	n.a.	BOTH	8.77	9.65	product	286.1404																																																												
b1779	gapA	glyceraldehyde-3-phosphate dehydrogenase A	KNOWN	BOTH	7.62	6.76	product	664.1163	NADH [M-H]-																																																											
b2976	glcB	malate synthase G	KNOWN	LYSATE ONLY	-0.18	15.41	product	242.1009	Glycerone [M-H [CORR]]-	Catechol [M-H [CORR]]-	L-Valine [M-H [CORR]]-	L-Leucine [M-H [CORR]]-	Deoxyribose [M-H [CORR]]-	L-Threonine [M+F [CORR]]-	(R)-Mevalonate [M-H [CORR]]-	Xanthine [M-H [CORR]]-	2,3-Dihydroxybenzoate [M-H [CORR]]-	L-Phenylalanine [M-H [CORR]]-	D-Glucose [M-H [CORR]]-	4-Pyridoxate [M-H [CORR]]-	(S)-Lactate [M-H [CORR]]-	Hydroquinone [M-H [CORR]]-	5-Aminopentanoate [M-H [CORR]]-	L-Isoleucine [M-H [CORR]]-	2,3-Dihydroxy-3-methylbutanoate [M-H [CORR]]-	L-Homoserine [M+F [CORR]]-	(R)-Pantoate [M-H [CORR]]-	3,4-Dihydroxybenzoate [M-H [CORR]]-	D-Phenylalanine [M-H [CORR]]-	D-Fructose [M-H [CORR]]-	3-Hydroxy-4-hydroxymethyl-2-methylpyridine-5-carboxylate [M-H [CORR]]-	(R)-Lactate [M-H [CORR]]-	Resorcinol [M-H [CORR]]-	Betaine [M-H [CORR]]-	6-Aminohexanoate [M-H [CORR]]-	(R)-2,3-Dihydroxy-3-methylbutanoate [M-H [CORR]]-	L-Allothreonine [M+F [CORR]]-	(R)-2,3-Dihydroxy-3-methylpentanoate [M-H [CORR]]-	2,5-Dihydroxybenzoate [M-H [CORR]]-	4-Acetamidobutanoate [M+F [CORR]]-	D-Galactose [M-H [CORR]]-	L-erythro-4-Hydroxyglutamate [M+F [CORR]]-	D-Glyceraldehyde [M-H [CORR]]-	4-Methylaminobutyrate [M-H [CORR]]-	(3R)-beta-Leucine [M-H [CORR]]-	(S)-Malate [M+F [CORR]]-	6-Amino-2-oxohexanoate [M+F [CORR]]-	myo-Inositol [M-H [CORR]]-	3-Hydroxypropanoate [M-H [CORR]]-	(R)-Malate [M+F [CORR]]-	2-Amino-5-oxohexanoate [M+F [CORR]]-	D-Mannose [M-H [CORR]]-	3-Dehydro-L-threonate [M+F [CORR]]-	beta-D-Glucose [M-H [CORR]]-	L-Sorbose [M-H [CORR]]-	alpha-D-Glucose [M-H [CORR]]-	D-Tagatose [M-H [CORR]]-	Sorbose [M-H [CORR]]-	D-Allose [M-H [CORR]]-	D-Fuconate [M-H [CORR]]-	L-Galactose [M-H [CORR]]-	L-Rhamnonate [M-H [CORR]]-	beta-D-Fructose [M-H [CORR]]-	scyllo-Inositol [M-H [CORR]]-	L-Gulose [M-H [CORR]]-	D-chiro-Inositol [M-H [CORR]]-	Hippurate [M+1 M-H [CORR]]-	Cyclohexylsulfamate [M+1 M-H [CORR]]-
b2976	glcB	malate synthase G	n.a.	LYSATE ONLY	0.65	-17.73	substrate	281.0618																																																												
b0200	gmhB	D,D-heptose 1,7-bisphosphate phosphatase	n.a.	LYSATE ONLY	-0.38	8.43	product	841.7373																																																												
b2029	gnd	6-phosphogluconate dehydrogenase, decarboxylating	n.a.	LYSATE ONLY	0.08	7.17	product	837.7561																																																												
b2029	gnd	6-phosphogluconate dehydrogenase, decarboxylating	n.a.	PURE ONLY	5.23	-0.43	product	974.7749																																																												
b3437	gntK	gluconate kinase 2	KNOWN	PURE ONLY	18.07	-0.38	product	404.0600	ADP [M-H [CORR]]-	ATP [M-H [CORR]]-	Acetyl-CoA [M-H [CORR]]-	'Adenosine 3'',5''-bisphosphate [M-H [CORR]]-'	dGTP [M-H [CORR]]-	dGDP [M-H [CORR]]-																																																						
b2022	hisB	fused histidinol-phosphatase/imidazoleglycerol-phosphate dehydratase	UNKNOWN	LYSATE ONLY	0.42	18.91	product	166.0519	Pyridoxal [M-H]-	3-Methoxyanthranilate [M-H]-	Isopyridoxal [M-H]-	L-Glutamate [M+F]-	D-Glutamate [M+F]-	DL-Glutamate [M+F]-	O-Acetyl-L-serine [M+F]-	L-threo-3-Methylaspartate [M+F]-	L-4-Hydroxyglutamate semialdehyde [M+F]-	2-Oxo-4-hydroxy-5-aminovalerate [M+F]-																																																		
b2022	hisB	fused histidinol-phosphatase/imidazoleglycerol-phosphate dehydratase	n.a.	LYSATE ONLY	-0.21	5.40	product	166.0754																																																												
b3771	ilvD	dihydroxyacid dehydratase	n.a.	PURE ONLY	7.95	0.14	product	865.3116																																																												
b3770	ilvE	branched-chain amino-acid aminotransferase	UNKNOWN	LYSATE ONLY	-3.30	-5.02	substrate	87.0090	Pyruvate [M-H]-	3-Oxopropanoate [M-H]-																																																										
b3770	ilvE	branched-chain amino-acid aminotransferase	KNOWN	BOTH	8.46	11.60	product	115.0401	3-Methyl-2-oxobutanoic acid [M-H]-	5-Oxopentanoate [M-H]-																																																										
b3770	ilvE	branched-chain amino-acid aminotransferase	KNOWN	BOTH	27.14	29.16	product	129.0559	4-Methyl-2-oxopentanoate [M-H]-	(S)-3-Methyl-2-oxopentanoic acid [M-H]-	beta-Ketoisocaproate [M-H]-	1-Oxa-2-oxo-3-hydroxycycloheptane [M-H]-																																																								
b3770	ilvE	branched-chain amino-acid aminotransferase	n.a.	BOTH	16.27	20.20	product	129.0915																																																												
b3770	ilvE	branched-chain amino-acid aminotransferase	n.a.	BOTH	12.37	14.66	product	129.1316																																																												
b3770	ilvE	branched-chain amino-acid aminotransferase	n.a.	BOTH	9.41	10.83	product	129.1948																																																												
b3770	ilvE	branched-chain amino-acid aminotransferase	KNOWN	BOTH	9.46	12.58	product	145.0139	2-Oxoglutarate [M-H]-	5-Hydroxy-2,4-dioxopentanoate [M-H]-	Methyloxaloacetate [M-H]-																																																									
b3770	ilvE	branched-chain amino-acid aminotransferase	UNKNOWN	BOTH	8.87	14.26	product	163.0407	Phenylpyruvate [M-H]-	4-Coumarate [M-H]-	trans-2-Hydroxycinnamate [M-H]-	2-Hydroxy-3-phenylpropenoate [M-H]-	cis-2-Hydroxycinnamate [M-H]-	3-Oxo-3-phenylpropanoate [M-H]-	trans-3-Hydroxycinnamate [M-H]-	2,3-Dimethylmaleate [M+F]-	Methylitaconate [M+F]-	2-Methyleneglutarate [M+F]-																																																		
b3770	ilvE	branched-chain amino-acid aminotransferase	n.a.	BOTH	7.24	10.10	product	166.9949																																																												
b3770	ilvE	branched-chain amino-acid aminotransferase	UNKNOWN	BOTH	11.67	13.24	product	176.0642	3-Propylmalate [M+1 M-H]-	alpha-Isopropylmalate [M+1 M-H]-	(2R,3S)-3-Isopropylmalate [M+1 M-H]-																																																									
b3770	ilvE	branched-chain amino-acid aminotransferase	n.a.	BOTH	-9.76	-9.16	substrate	197.0080																																																												
b3770	ilvE	branched-chain amino-acid aminotransferase	UNKNOWN	BOTH	7.28	5.18	product	198.0415	Propanoyl phosphate [M-H [CORR]]-	Oxalureate [M.H/Na-H [CORR]]-																																																										
b3770	ilvE	branched-chain amino-acid aminotransferase	n.a.	LYSATE ONLY	2.99	5.15	product	241.0576																																																												
b3770	ilvE	branched-chain amino-acid aminotransferase	UNKNOWN	LYSATE ONLY	4.06	7.08	product	241.0813	Thymidine [M-H]-																																																											
b3770	ilvE	branched-chain amino-acid aminotransferase	KNOWN	BOTH	13.89	13.99	product	242.1009	Glycerone [M-H [CORR]]-	Catechol [M-H [CORR]]-	L-Valine [M-H [CORR]]-	L-Leucine [M-H [CORR]]-	Deoxyribose [M-H [CORR]]-	L-Threonine [M+F [CORR]]-	(R)-Mevalonate [M-H [CORR]]-	Xanthine [M-H [CORR]]-	2,3-Dihydroxybenzoate [M-H [CORR]]-	L-Phenylalanine [M-H [CORR]]-	D-Glucose [M-H [CORR]]-	4-Pyridoxate [M-H [CORR]]-	(S)-Lactate [M-H [CORR]]-	Hydroquinone [M-H [CORR]]-	5-Aminopentanoate [M-H [CORR]]-	L-Isoleucine [M-H [CORR]]-	2,3-Dihydroxy-3-methylbutanoate [M-H [CORR]]-	L-Homoserine [M+F [CORR]]-	(R)-Pantoate [M-H [CORR]]-	3,4-Dihydroxybenzoate [M-H [CORR]]-	D-Phenylalanine [M-H [CORR]]-	D-Fructose [M-H [CORR]]-	3-Hydroxy-4-hydroxymethyl-2-methylpyridine-5-carboxylate [M-H [CORR]]-	(R)-Lactate [M-H [CORR]]-	Resorcinol [M-H [CORR]]-	Betaine [M-H [CORR]]-	6-Aminohexanoate [M-H [CORR]]-	(R)-2,3-Dihydroxy-3-methylbutanoate [M-H [CORR]]-	L-Allothreonine [M+F [CORR]]-	(R)-2,3-Dihydroxy-3-methylpentanoate [M-H [CORR]]-	2,5-Dihydroxybenzoate [M-H [CORR]]-	4-Acetamidobutanoate [M+F [CORR]]-	D-Galactose [M-H [CORR]]-	L-erythro-4-Hydroxyglutamate [M+F [CORR]]-	D-Glyceraldehyde [M-H [CORR]]-	4-Methylaminobutyrate [M-H [CORR]]-	(3R)-beta-Leucine [M-H [CORR]]-	(S)-Malate [M+F [CORR]]-	6-Amino-2-oxohexanoate [M+F [CORR]]-	myo-Inositol [M-H [CORR]]-	3-Hydroxypropanoate [M-H [CORR]]-	(R)-Malate [M+F [CORR]]-	2-Amino-5-oxohexanoate [M+F [CORR]]-	D-Mannose [M-H [CORR]]-	3-Dehydro-L-threonate [M+F [CORR]]-	beta-D-Glucose [M-H [CORR]]-	L-Sorbose [M-H [CORR]]-	alpha-D-Glucose [M-H [CORR]]-	D-Tagatose [M-H [CORR]]-	Sorbose [M-H [CORR]]-	D-Allose [M-H [CORR]]-	D-Fuconate [M-H [CORR]]-	L-Galactose [M-H [CORR]]-	L-Rhamnonate [M-H [CORR]]-	beta-D-Fructose [M-H [CORR]]-	scyllo-Inositol [M-H [CORR]]-	L-Gulose [M-H [CORR]]-	D-chiro-Inositol [M-H [CORR]]-	Hippurate [M+1 M-H [CORR]]-	Cyclohexylsulfamate [M+1 M-H [CORR]]-
b3770	ilvE	branched-chain amino-acid aminotransferase	n.a.	BOTH	8.14	11.71	product	309.1131																																																												
b3770	ilvE	branched-chain amino-acid aminotransferase	n.a.	BOTH	7.38	5.16	product	396.1499																																																												
b3770	ilvE	branched-chain amino-acid aminotransferase	UNKNOWN	BOTH	12.90	22.38	product	471.1722	5-Formiminotetrahydrofolate [M-H]-																																																											
b3770	ilvE	branched-chain amino-acid aminotransferase	n.a.	LYSATE ONLY	4.38	5.86	product	471.2517																																																												
b3770	ilvE	branched-chain amino-acid aminotransferase	n.a.	LYSATE ONLY	1.81	5.04	product	505.1513																																																												
b3770	ilvE	branched-chain amino-acid aminotransferase	n.a.	PURE ONLY	-6.07	-0.05	substrate	787.2214																																																												
b2530	iscS	cysteine desulfurase (tRNA sulfurtransferase), PLP-dependent	n.a.	LYSATE ONLY	-0.53	8.71	product	853.3244																																																												
b0074	leuA	2-isopropylmalate synthase	n.a.	PURE ONLY	5.53	0.45	product	841.7373																																																												
b2687	luxS	S-ribosylhomocysteine lyase	n.a.	LYSATE ONLY	0.65	7.79	product	56.9615																																																												
b2463	maeB	fused malic enzyme predicted oxidoreductase/predicted phosphotransacetylase	UNKNOWN	PURE ONLY	-5.77	0.20	substrate	115.0040	Fumarate [M-H]-																																																											
b2463	maeB	fused malic enzyme predicted oxidoreductase/predicted phosphotransacetylase	KNOWN	PURE ONLY	-14.51	-2.84	substrate	133.0138	(S)-Malate [M-H]-	(R)-Malate [M-H]-	3-Dehydro-L-threonate [M-H]-																																																									
b2463	maeB	fused malic enzyme predicted oxidoreductase/predicted phosphotransacetylase	n.a.	PURE ONLY	9.99	1.50	product	371.5395																																																												
b3417	malP	maltodextrin phosphorylase	n.a.	LYSATE ONLY	0.47	13.71	product	166.9221																																																												
b2260	menE	o-succinylbenzoate-CoA ligase	KNOWN	PURE ONLY	-5.38	-3.18	substrate	221.0448	2-Succinylbenzoate [M-H]-	2-Hydroxy-7-hydroxymethylchromene-2-carboxylate [M-H]-	2-Hydroxy-4-hydroxymethylbenzalpyruvate [M-H]-																																																									
b2260	menE	o-succinylbenzoate-CoA ligase	n.a.	PURE ONLY	6.54	2.46	product	371.1320																																																												
b0765	modC	molybdate transporter subunit	n.a.	LYSATE ONLY	-0.11	5.71	product	111.9143																																																												
b0765	modC	molybdate transporter subunit	n.a.	LYSATE ONLY	-0.02	5.03	product	515.7836																																																												
b3222	nanK	N-acetylmannosamine kinase	UNKNOWN	BOTH	6.11	20.42	product	259.0233	D-Fructose 6-phosphate [M-H]-	D-Glucose 6-phosphate [M-H]-	D-Glucose 1-phosphate [M-H]-	D-Mannose 6-phosphate [M-H]-	alpha-D-Galactose 1-phosphate [M-H]-	D-Mannose 1-phosphate [M-H]-	beta-D-Glucose 1-phosphate [M-H]-	alpha-D-Glucose 6-phosphate [M-H]-	D-Fructose 1-phosphate [M-H]-	D-Tagatose 6-phosphate [M-H]-	beta-D-Glucose 6-phosphate [M-H]-	Inositol 1-phosphate [M-H]-	beta-D-Fructose 2-phosphate [M-H]-	myo-Inositol 4-phosphate [M-H]-	1D-myo-Inositol 3-phosphate [M-H]-	beta-D-Fructose 6-phosphate [M-H]-	L-Cystine [M+F]-																																											
b3222	nanK	N-acetylmannosamine kinase	UNKNOWN	BOTH	11.96	6.40	product	259.0798	Biotin sulfoxide [M-H]-																																																											
b3222	nanK	N-acetylmannosamine kinase	UNKNOWN	BOTH	17.79	10.03	product	260.0283	D-Fructose 6-phosphate [M+1 M-H]-	D-Glucose 6-phosphate [M+1 M-H]-	D-Glucose 1-phosphate [M+1 M-H]-	D-Mannose 6-phosphate [M+1 M-H]-	alpha-D-Galactose 1-phosphate [M+1 M-H]-	D-Mannose 1-phosphate [M+1 M-H]-	beta-D-Glucose 1-phosphate [M+1 M-H]-	alpha-D-Glucose 6-phosphate [M+1 M-H]-	D-Fructose 1-phosphate [M+1 M-H]-	D-Tagatose 6-phosphate [M+1 M-H]-	beta-D-Glucose 6-phosphate [M+1 M-H]-	Inositol 1-phosphate [M+1 M-H]-	beta-D-Fructose 2-phosphate [M+1 M-H]-	myo-Inositol 4-phosphate [M+1 M-H]-	1D-myo-Inositol 3-phosphate [M+1 M-H]-	beta-D-Fructose 6-phosphate [M+1 M-H]-																																												
b3222	nanK	N-acetylmannosamine kinase	KNOWN	LYSATE ONLY	0.04	7.67	product	300.0578	N-Acetyl-D-glucosamine 6-phosphate [M-H]-	N-Acetyl-D-mannosamine 6-phosphate [M-H]-	N-Acetyl-alpha-D-glucosamine 1-phosphate [M-H]-	N-Acetyl-D-galactosamine 6-phosphate [M-H]-																																																								
b3222	nanK	N-acetylmannosamine kinase	UNKNOWN	PURE ONLY	15.19	1.74	product	346.0485	Toluene-4-sulfonate [M-H [CORR]]-	GMP [M-H [CORR]]-	sn-Glycerol 3-phosphate [M-H [CORR]]-	'Guanosine 3''-phosphate [M-H [CORR]]-'	Precursor Z [M-H [CORR]]-																																																							
b3222	nanK	N-acetylmannosamine kinase	n.a.	PURE ONLY	12.03	1.63	product	347.0511																																																												
b3222	nanK	N-acetylmannosamine kinase	n.a.	PURE ONLY	7.28	3.39	product	356.9858																																																												
b3222	nanK	N-acetylmannosamine kinase	n.a.	PURE ONLY	6.72	0.97	product	368.0404																																																												
b3222	nanK	N-acetylmannosamine kinase	n.a.	BOTH	12.85	6.53	product	378.9856																																																												
b3222	nanK	N-acetylmannosamine kinase	UNKNOWN	PURE ONLY	5.86	1.12	product	402.9904	UDP [M-H]-																																																											
b3222	nanK	N-acetylmannosamine kinase	n.a.	PURE ONLY	6.25	1.50	product	414.0434																																																												
b3222	nanK	N-acetylmannosamine kinase	UNKNOWN	PURE ONLY	5.20	2.30	product	424.9786	UDP [M.H/Na-H]-																																																											
b3222	nanK	N-acetylmannosamine kinase	KNOWN	PURE ONLY	-13.55	-2.69	substrate	426.0221	ADP [M-H]-	'Adenosine 3'',5''-bisphosphate [M-H]-'	dGDP [M-H]-																																																									
b3222	nanK	N-acetylmannosamine kinase	n.a.	PURE ONLY	10.31	1.83	product	428.0536																																																												
b3222	nanK	N-acetylmannosamine kinase	UNKNOWN	PURE ONLY	5.09	0.03	product	442.0149	GDP [M-H]-																																																											
b3222	nanK	N-acetylmannosamine kinase	n.a.	PURE ONLY	9.70	1.15	product	444.0315																																																												
b3222	nanK	N-acetylmannosamine kinase	KNOWN	PURE ONLY	-8.81	-2.68	substrate	448.0072	ADP [M-H [CORR]]-	'Adenosine 3'',5''-bisphosphate [M-H [CORR]]-'	dGDP [M-H [CORR]]-																																																									
b3222	nanK	N-acetylmannosamine kinase	n.a.	PURE ONLY	11.16	1.33	product	466.0141																																																												
b3222	nanK	N-acetylmannosamine kinase	KNOWN	PURE ONLY	-13.31	-1.29	substrate	505.9870	ATP [M-H]-	dGTP [M-H]-																																																										
b3222	nanK	N-acetylmannosamine kinase	UNKNOWN	PURE ONLY	-6.62	-0.87	substrate	506.9859	ITP [M-H]-																																																											
b3222	nanK	N-acetylmannosamine kinase	KNOWN	PURE ONLY	-15.48	-1.14	substrate	527.9702	ATP [M.H/Na-H]-	dGTP [M.H/Na-H]-																																																										
b3222	nanK	N-acetylmannosamine kinase	n.a.	PURE ONLY	-5.35	0.12	substrate	528.9663																																																												
b3222	nanK	N-acetylmannosamine kinase	KNOWN	PURE ONLY	-8.88	-1.30	substrate	543.9481	'5''-Methylthioadenosine [M-H [CORR]]-'	'5,5''-Dehydrodivanillate [M-H [CORR]]-'	ADP [M-H [CORR]]-	ATP [M-H [CORR]]-	ITP [M-H [CORR]]-	2,5-Diaminopyrimidine nucleoside triphosphate [M.H/K-H [CORR]]-	Acetyl-CoA [M-H [CORR]]-	Geranyl diphosphate [M+F [CORR]]-	'Adenosine 3'',5''-bisphosphate [M-H [CORR]]-'	dGTP [M-H [CORR]]-	'2,5-Diamino-6-(5''-triphosphoryl-3'',4''-trihydroxy-2''-oxopentyl)-amino-4-oxopyrimidine [M.H/K-H [CORR]]-'	dGDP [M-H [CORR]]-																																																
b3222	nanK	N-acetylmannosamine kinase	UNKNOWN	PURE ONLY	-8.10	-0.65	substrate	549.9559	2,5-Diaminopyrimidine nucleoside triphosphate [M.H/K-H]-	'2,5-Diamino-6-(5''-triphosphoryl-3'',4''-trihydroxy-2''-oxopentyl)-amino-4-oxopyrimidine [M.H/K-H]-'																																																										
b3222	nanK	N-acetylmannosamine kinase	KNOWN	PURE ONLY	-10.21	-1.33	substrate	565.9307	'5''-Methylthioadenosine [M-H [CORR]]-'	'5,5''-Dehydrodivanillate [M-H [CORR]]-'	ADP [M-H [CORR]]-	ATP [M-H [CORR]]-	ITP [M-H [CORR]]-	2,5-Diaminopyrimidine nucleoside triphosphate [M.H/K-H [CORR]]-	Acetyl-CoA [M-H [CORR]]-	Geranyl diphosphate [M+F [CORR]]-	'Adenosine 3'',5''-bisphosphate [M-H [CORR]]-'	dGTP [M-H [CORR]]-	'2,5-Diamino-6-(5''-triphosphoryl-3'',4''-trihydroxy-2''-oxopentyl)-amino-4-oxopyrimidine [M.H/K-H [CORR]]-'	dGDP [M-H [CORR]]-																																																
b3222	nanK	N-acetylmannosamine kinase	n.a.	BOTH	12.94	6.51	product	601.1250																																																												
b3222	nanK	N-acetylmannosamine kinase	n.a.	LYSATE ONLY	-0.78	16.16	product	659.7461																																																												
b3222	nanK	N-acetylmannosamine kinase	n.a.	PURE ONLY	7.79	1.52	product	688.1643																																																												
b2235	nrdB	ribonucleoside-diphosphate reductase 1, beta subunit, ferritin-like protein	n.a.	LYSATE ONLY	-0.05	9.16	product	483.2716																																																												
b2235	nrdB	ribonucleoside-diphosphate reductase 1, beta subunit, ferritin-like protein	n.a.	LYSATE ONLY	0.09	5.13	product	483.3078																																																												
b2284	nuoF	NADH:ubiquinone oxidoreductase, chain F	n.a.	LYSATE ONLY	0.16	7.41	product	799.6174																																																												
b3916	pfkA	6-phosphofructokinase I	KNOWN	LYSATE ONLY	-0.70	-5.36	substrate	259.0233	D-Fructose 6-phosphate [M-H]-	D-Glucose 6-phosphate [M-H]-	D-Glucose 1-phosphate [M-H]-	D-Mannose 6-phosphate [M-H]-	alpha-D-Galactose 1-phosphate [M-H]-	D-Mannose 1-phosphate [M-H]-	beta-D-Glucose 1-phosphate [M-H]-	alpha-D-Glucose 6-phosphate [M-H]-	D-Fructose 1-phosphate [M-H]-	D-Tagatose 6-phosphate [M-H]-	beta-D-Glucose 6-phosphate [M-H]-	Inositol 1-phosphate [M-H]-	beta-D-Fructose 2-phosphate [M-H]-	myo-Inositol 4-phosphate [M-H]-	1D-myo-Inositol 3-phosphate [M-H]-	beta-D-Fructose 6-phosphate [M-H]-	L-Cystine [M+F]-																																											
b0159	pfs	'5''-methylthioadenosine/S-adenosylhomocysteine nucleosidase'	KNOWN	PURE ONLY	9.31	3.07	product	107.0367	Adenine [M-H [CORR]]-	4-Hydroxy-L-threonine [M-H [CORR]]-																																																										
b0159	pfs	'5''-methylthioadenosine/S-adenosylhomocysteine nucleosidase'	KNOWN	PURE ONLY	18.05	3.12	product	134.0476	Adenine [M-H]-	4-Hydroxy-L-threonine [M-H]-																																																										
b0159	pfs	'5''-methylthioadenosine/S-adenosylhomocysteine nucleosidase'	UNKNOWN	PURE ONLY	7.89	4.83	product	135.0463	Toluate [M-H]-	4-Hydroxyphenylacetaldehyde [M-H]-	Phenylacetic acid [M-H]-	2-Hydroxyacetophenone [M-H]-	m-Methylbenzoate [M-H]-	o-Toluate [M-H]-	'4''-Hydroxyacetophenone [M-H]-'	3-Methylsalicylaldehyde [M-H]-	3-Methyl-2-oxobutanoic acid [M+F]-	5-Oxopentanoate [M+F]-																																																		
b0159	pfs	'5''-methylthioadenosine/S-adenosylhomocysteine nucleosidase'	UNKNOWN	PURE ONLY	-7.91	-1.95	substrate	266.0907	Adenosine [M-H]-	Deoxyguanosine [M-H]-																																																										
b0159	pfs	'5''-methylthioadenosine/S-adenosylhomocysteine nucleosidase'	KNOWN	PURE ONLY	-11.45	-0.49	substrate	296.0846	'5''-Methylthioadenosine [M-H]-'																																																											
b0159	pfs	'5''-methylthioadenosine/S-adenosylhomocysteine nucleosidase'	UNKNOWN	PURE ONLY	-7.21	-2.62	substrate	303.0714	Xanthosine [M+F]-																																																											
b0159	pfs	'5''-methylthioadenosine/S-adenosylhomocysteine nucleosidase'	UNKNOWN	PURE ONLY	-10.94	-1.99	substrate	304.0650	Adenosine [M-H [CORR]]-	Xanthosine [M+F [CORR]]-	Deoxyguanosine [M-H [CORR]]-																																																									
b0159	pfs	'5''-methylthioadenosine/S-adenosylhomocysteine nucleosidase'	KNOWN	PURE ONLY	-8.25	-0.33	substrate	332.0609	'5''-Methylthioadenosine [M-H [CORR]]-'	'5,5''-Dehydrodivanillate [M-H [CORR]]-'	ATP [M-H [CORR]]-	2,5-Diaminopyrimidine nucleoside triphosphate [M.H/K-H [CORR]]-	Geranyl diphosphate [M+F [CORR]]-	dGTP [M-H [CORR]]-	'2,5-Diamino-6-(5''-triphosphoryl-3'',4''-trihydroxy-2''-oxopentyl)-amino-4-oxopyrimidine [M.H/K-H [CORR]]-'																																																					
b0159	pfs	'5''-methylthioadenosine/S-adenosylhomocysteine nucleosidase'	UNKNOWN	PURE ONLY	-7.48	-0.69	substrate	333.0645	'5,5''-Dehydrodivanillate [M-H]-'	Geranyl diphosphate [M+F]-																																																										
b0159	pfs	'5''-methylthioadenosine/S-adenosylhomocysteine nucleosidase'	KNOWN	PURE ONLY	-8.62	-0.36	substrate	334.0587	'5''-Methylthioadenosine [M-H [CORR]]-'	'5,5''-Dehydrodivanillate [M-H [CORR]]-'	ATP [M-H [CORR]]-	2,5-Diaminopyrimidine nucleoside triphosphate [M.H/K-H [CORR]]-	Geranyl diphosphate [M+F [CORR]]-	dGTP [M-H [CORR]]-	'2,5-Diamino-6-(5''-triphosphoryl-3'',4''-trihydroxy-2''-oxopentyl)-amino-4-oxopyrimidine [M.H/K-H [CORR]]-'																																																					
b0159	pfs	'5''-methylthioadenosine/S-adenosylhomocysteine nucleosidase'	UNKNOWN	PURE ONLY	-5.18	-1.81	substrate	354.1082	Adenosine [M-H [CORR]]-	Deoxyguanosine [M-H [CORR]]-																																																										
b0159	pfs	'5''-methylthioadenosine/S-adenosylhomocysteine nucleosidase'	KNOWN	PURE ONLY	-7.48	-1.44	substrate	356.1222	Adenine [M-H [CORR]]-	Adenosine [M-H [CORR]]-	Xanthosine [M+F [CORR]]-	Riboflavin [M+F [CORR]]-	4-Hydroxy-L-threonine [M-H [CORR]]-	Deoxyguanosine [M-H [CORR]]-																																																						
b0159	pfs	'5''-methylthioadenosine/S-adenosylhomocysteine nucleosidase'	UNKNOWN	PURE ONLY	-6.24	-1.47	substrate	356.1478	Adenosine [M-H [CORR]]-	Xanthosine [M+F [CORR]]-	Deoxyguanosine [M-H [CORR]]-																																																									
b0159	pfs	'5''-methylthioadenosine/S-adenosylhomocysteine nucleosidase'	UNKNOWN	PURE ONLY	-6.78	-1.82	substrate	357.1261	Adenosine [M-H [CORR]]-	Xanthosine [M+F [CORR]]-	Riboflavin [M+F [CORR]]-	Deoxyguanosine [M-H [CORR]]-																																																								
b0159	pfs	'5''-methylthioadenosine/S-adenosylhomocysteine nucleosidase'	UNKNOWN	PURE ONLY	-5.44	-0.86	substrate	358.1259	Adenosine [M-H [CORR]]-	Deoxyguanosine [M-H [CORR]]-																																																										
b0159	pfs	'5''-methylthioadenosine/S-adenosylhomocysteine nucleosidase'	n.a.	PURE ONLY	-6.47	-0.77	substrate	384.1067																																																												
b0159	pfs	'5''-methylthioadenosine/S-adenosylhomocysteine nucleosidase'	UNKNOWN	PURE ONLY	-5.62	-1.94	substrate	384.1472	Adenosine [M-H [CORR]]-	Deoxyguanosine [M-H [CORR]]-																																																										
b0159	pfs	'5''-methylthioadenosine/S-adenosylhomocysteine nucleosidase'	KNOWN	PURE ONLY	-10.50	-0.30	substrate	386.1151	'5''-Methylthioadenosine [M-H [CORR]]-'	'5,5''-Dehydrodivanillate [M-H [CORR]]-'	ATP [M-H [CORR]]-	2,5-Diaminopyrimidine nucleoside triphosphate [M.H/K-H [CORR]]-	Geranyl diphosphate [M+F [CORR]]-	dGTP [M-H [CORR]]-	'2,5-Diamino-6-(5''-triphosphoryl-3'',4''-trihydroxy-2''-oxopentyl)-amino-4-oxopyrimidine [M.H/K-H [CORR]]-'																																																					
b0159	pfs	'5''-methylthioadenosine/S-adenosylhomocysteine nucleosidase'	UNKNOWN	PURE ONLY	-5.09	-1.81	substrate	397.1857	Adenosine [M-H [CORR]]-	Riboflavin [M+F [CORR]]-	Deoxyguanosine [M-H [CORR]]-																																																									
b0159	pfs	'5''-methylthioadenosine/S-adenosylhomocysteine nucleosidase'	UNKNOWN	PURE ONLY	-7.97	-1.24	substrate	400.1485	Adenosine [M-H [CORR]]-	Xanthosine [M+F [CORR]]-	Deoxyguanosine [M-H [CORR]]-																																																									
b0159	pfs	'5''-methylthioadenosine/S-adenosylhomocysteine nucleosidase'	UNKNOWN	PURE ONLY	-6.16	-1.84	substrate	414.1688	Adenosine [M-H [CORR]]-	Deoxyguanosine [M-H [CORR]]-																																																										
b0159	pfs	'5''-methylthioadenosine/S-adenosylhomocysteine nucleosidase'	UNKNOWN	PURE ONLY	-5.83	-1.28	substrate	426.1745	Adenosine [M-H [CORR]]-	Deoxyguanosine [M-H [CORR]]-																																																										
b0159	pfs	'5''-methylthioadenosine/S-adenosylhomocysteine nucleosidase'	KNOWN	PURE ONLY	-6.97	-0.47	substrate	427.1763	Adenosine [M-H [CORR]]-	'5''-Methylthioadenosine [M-H [CORR]]-'	'5,5''-Dehydrodivanillate [M-H [CORR]]-'	ATP [M-H [CORR]]-	Deoxyguanosine [M-H [CORR]]-	Geranyl diphosphate [M+F [CORR]]-	dGTP [M-H [CORR]]-																																																					
b1713	pheT	phenylalanine tRNA synthetase, beta subunit	KNOWN	LYSATE ONLY	7.11	9.12	product	279.0410	'5,5''-Dehydrodivanillate [M-H [CORR]]-'	ATP [M-H [CORR]]-	Geranyl diphosphate [M+F [CORR]]-	dGTP [M-H [CORR]]-																																																								
b1101	ptsG	fused glucose-specific PTS enzymes: IIB component/IIC component	KNOWN	PURE ONLY	-6.91	-0.12	substrate	292.0976	N-Acetylmuramate [M-H]-																																																											
b1101	ptsG	fused glucose-specific PTS enzymes: IIB component/IIC component	KNOWN	BOTH	9.04	7.10	product	477.0403	4-Oxoproline [M-H [CORR]]-	L-Glutamate [M-H [CORR]]-	D-Alanyl-D-alanine [M-H [CORR]]-	Sucrose [M-H [CORR]]-	5-Oxo-D-proline [M-H [CORR]]-	D-Glutamate [M-H [CORR]]-	N-gamma-Acetyldiaminobutyrate [M-H [CORR]]-	Cellobiose [M-H [CORR]]-	L-1-Pyrroline-3-hydroxy-5-carboxylate [M-H [CORR]]-	DL-Glutamate [M-H [CORR]]-	N-alpha-Acetyl-L-2,4-diaminobutyrate [M-H [CORR]]-	Maltose [M-H [CORR]]-	1-Pyrroline-4-hydroxy-2-carboxylate [M-H [CORR]]-	O-Acetyl-L-serine [M-H [CORR]]-	Lactose [M-H [CORR]]-	L-threo-3-Methylaspartate [M-H [CORR]]-	Isomaltose [M-H [CORR]]-	L-4-Hydroxyglutamate semialdehyde [M-H [CORR]]-	alpha,alpha-Trehalose [M-H [CORR]]-	2-Oxo-4-hydroxy-5-aminovalerate [M-H [CORR]]-	alpha-D-Galactosyl-(1->3)-1D-myo-inositol [M-H [CORR]]-	Epimelibiose [M-H [CORR]]-	Melibiose [M-H [CORR]]-																																					
b1131	purB	adenylosuccinate lyase	KNOWN	LYSATE ONLY	-0.12	6.62	product	484.0492	N6-(1,2-Dicarboxyethyl)-AMP [M.H/Na-H]-																																																											
b1131	purB	adenylosuccinate lyase	n.a.	PURE ONLY	8.86	-0.26	product	749.7840																																																												
b1849	purT	phosphoribosylglycinamide formyltransferase 2	n.a.	PURE ONLY	5.81	-0.70	product	644.7120																																																												
b1302	puuE	GABA aminotransferase, PLP-dependent	KNOWN	BOTH	12.05	8.95	product	88.0406	L-Alanine [M-H]-	beta-Alanine [M-H]-	D-Alanine [M-H]-	Sarcosine [M-H]-	Alanine [M-H]-																																																							
b1302	puuE	GABA aminotransferase, PLP-dependent	KNOWN	BOTH	13.39	13.95	product	145.0139	2-Oxoglutarate [M-H]-	5-Hydroxy-2,4-dioxopentanoate [M-H]-	Methyloxaloacetate [M-H]-																																																									
b1302	puuE	GABA aminotransferase, PLP-dependent	UNKNOWN	LYSATE ONLY	0.15	5.31	product	163.0407	Phenylpyruvate [M-H]-	4-Coumarate [M-H]-	trans-2-Hydroxycinnamate [M-H]-	2-Hydroxy-3-phenylpropenoate [M-H]-	cis-2-Hydroxycinnamate [M-H]-	3-Oxo-3-phenylpropanoate [M-H]-	trans-3-Hydroxycinnamate [M-H]-	2,3-Dimethylmaleate [M+F]-	Methylitaconate [M+F]-	2-Methyleneglutarate [M+F]-																																																		
b1302	puuE	GABA aminotransferase, PLP-dependent	n.a.	BOTH	10.28	11.47	product	166.9949																																																												
b1302	puuE	GABA aminotransferase, PLP-dependent	n.a.	PURE ONLY	-5.17	-4.98	substrate	792.3925																																																												
b2780	pyrG	CTP synthetase	n.a.	PURE ONLY	15.37	0.40	product	733.8981																																																												
b2780	pyrG	CTP synthetase	n.a.	PURE ONLY	5.41	-0.22	product	843.3521																																																												
b2780	pyrG	CTP synthetase	n.a.	PURE ONLY	6.48	0.04	product	867.7972																																																												
b3749	rbsA	fused D-ribose transporter subunits of ABC superfamily: ATP-binding components	n.a.	PURE ONLY	6.02	-0.92	product	957.3678																																																												
b2041	rfbB	dTDP-glucose 4,6 dehydratase, NAD(P)-binding	n.a.	LYSATE ONLY	0.11	6.06	product	749.7840																																																												
b1662	ribC	riboflavin synthase, alpha subunit	n.a.	PURE ONLY	-8.89	2.23	substrate	212.0020																																																												
b0414	ribD	fused diaminohydroxyphosphoribosylaminopyrimidine deaminase and 5-amino-6-(5-phosphoribosylamino) uracil reductase	n.a.	PURE ONLY	8.46	0.25	product	865.3116																																																												
b0723	sdhA	succinate dehydrogenase, flavoprotein subunit	n.a.	LYSATE ONLY	-0.25	6.97	product	624.4710																																																												
b4388	serB	3-phosphoserine phosphatase	UNKNOWN	LYSATE ONLY	2.07	6.61	product	105.0195	D-Glycerate [M-H]-																																																											
b4388	serB	3-phosphoserine phosphatase	n.a.	LYSATE ONLY	-0.16	13.35	product	841.2590																																																												
b4388	serB	3-phosphoserine phosphatase	n.a.	LYSATE ONLY	-0.27	7.07	product	857.2774																																																												
b1479	sfcA	malate dehydrogenase, (decarboxylating, NAD-requiring) (malic enzyme)	KNOWN	LYSATE ONLY	-0.01	5.25	product	88.0134	Pyruvate [M+1 M-H]-	3-Oxopropanoate [M+1 M-H]-																																																										
b1479	sfcA	malate dehydrogenase, (decarboxylating, NAD-requiring) (malic enzyme)	KNOWN	PURE ONLY	-10.75	-1.54	substrate	133.0138	(S)-Malate [M-H]-	(R)-Malate [M-H]-	3-Dehydro-L-threonate [M-H]-																																																									
b1479	sfcA	malate dehydrogenase, (decarboxylating, NAD-requiring) (malic enzyme)	KNOWN	BOTH	-12.30	-7.03	substrate	212.0919	Catechol [M-H [CORR]]-	2,3-Dihydroxybenzoate [M-H [CORR]]-	Hydroquinone [M-H [CORR]]-	3,4-Dihydroxybenzoate [M-H [CORR]]-	Resorcinol [M-H [CORR]]-	2,5-Dihydroxybenzoate [M-H [CORR]]-	Glycerone [M+F [CORR]]-	(S)-Malate [M+F [CORR]]-	(S)-Lactate [M+F [CORR]]-	(R)-Malate [M+F [CORR]]-	(R)-Lactate [M+F [CORR]]-	3-Dehydro-L-threonate [M+F [CORR]]-	D-Glyceraldehyde [M+F [CORR]]-	3-Hydroxypropanoate [M+F [CORR]]-																																														
b1479	sfcA	malate dehydrogenase, (decarboxylating, NAD-requiring) (malic enzyme)	n.a.	LYSATE ONLY	-0.72	-7.46	substrate	311.1072																																																												
b1479	sfcA	malate dehydrogenase, (decarboxylating, NAD-requiring) (malic enzyme)	n.a.	PURE ONLY	5.68	-0.10	product	331.5577																																																												
b1479	sfcA	malate dehydrogenase, (decarboxylating, NAD-requiring) (malic enzyme)	n.a.	PURE ONLY	7.65	-0.22	product	749.7840																																																												
b0935	ssuD	alkanesulfonate monooxygenase, FMNH(2)-dependent	n.a.	LYSATE ONLY	-0.09	5.12	product	207.9259																																																												
b0002	thrA	fused aspartokinase I and homoserine dehydrogenase I	n.a.	LYSATE ONLY	0.45	9.08	product	704.3799																																																												
b0003	thrB	homoserine kinase	KNOWN	BOTH	-8.49	-6.13	substrate	332.1205	'5''-Methylthioadenosine [M-H [CORR]]-'	'5,5''-Dehydrodivanillate [M-H [CORR]]-'	ATP [M-H [CORR]]-	Geranyl diphosphate [M+F [CORR]]-	dGTP [M-H [CORR]]-																																																							
b0003	thrB	homoserine kinase	n.a.	PURE ONLY	22.45	-0.87	product	568.7959																																																												
b2465	tktB	transketolase 2, thiamin-binding	n.a.	PURE ONLY	13.76	0.19	product	515.7836																																																												
b1263	trpD	fused glutamine amidotransferase (component II) of anthranilate synthase/anthranilate phosphoribosyl transferase	KNOWN	LYSATE ONLY	-0.05	-27.76	substrate	145.0588	L-Glutamine [M-H]-	D-Glutamine [M-H]-	3-Ureidoisobutyrate [M-H]-	Isoglutamine [M-H]-																																																								
b1263	trpD	fused glutamine amidotransferase (component II) of anthranilate synthase/anthranilate phosphoribosyl transferase	n.a.	LYSATE ONLY	-0.66	9.82	product	641.2420																																																												
b2066	udk	uridine/cytidine kinase	KNOWN	PURE ONLY	-6.52	-3.78	substrate	243.0628	Uridine [M-H]-	Pseudouridine [M-H]-	Piceatannol [M-H]-																																																									
b2066	udk	uridine/cytidine kinase	n.a.	PURE ONLY	-8.98	-3.03	substrate	281.0315																																																												
b2066	udk	uridine/cytidine kinase	KNOWN	BOTH	5.73	5.34	product	322.0472	CMP [M-H]-	'3''-CMP [M-H]-'																																																										
b2066	udk	uridine/cytidine kinase	KNOWN	BOTH	10.37	8.94	product	323.0287	UMP [M-H]-	'Pseudouridine 5''-phosphate [M-H]-'	'3''-UMP [M-H]-'																																																									
b2066	udk	uridine/cytidine kinase	KNOWN	PURE ONLY	-11.85	-2.69	substrate	333.0953	'5''-Methylthioadenosine [M-H [CORR]]-'	'5,5''-Dehydrodivanillate [M-H [CORR]]-'	ADP [M-H [CORR]]-	ITP [M-H [CORR]]-	ATP [M.H/Na-H [CORR]]-	2,5-Diaminopyrimidine nucleoside triphosphate [M.H/K-H [CORR]]-	Geranyl diphosphate [M+F [CORR]]-	'Adenosine 3'',5''-bisphosphate [M-H [CORR]]-'	dGTP [M.H/Na-H [CORR]]-	'2,5-Diamino-6-(5''-triphosphoryl-3'',4''-trihydroxy-2''-oxopentyl)-amino-4-oxopyrimidine [M.H/K-H [CORR]]-'	dGDP [M-H [CORR]]-																																																	
b2066	udk	uridine/cytidine kinase	n.a.	PURE ONLY	-5.03	-1.30	substrate	333.1352																																																												
b3831	udp	uridine phosphorylase	KNOWN	PURE ONLY	-6.01	-1.25	substrate	243.0628	Uridine [M-H]-	Pseudouridine [M-H]-	Piceatannol [M-H]-																																																									
b3831	udp	uridine phosphorylase	n.a.	PURE ONLY	-7.00	-1.41	substrate	281.0315																																																												
b3831	udp	uridine phosphorylase	UNKNOWN	LYSATE ONLY	3.01	5.16	product	283.0747	Xanthosine [M-H]-																																																											
b3831	udp	uridine phosphorylase	n.a.	PURE ONLY	-5.02	-4.23	substrate	331.1084																																																												
b3831	udp	uridine phosphorylase	UNKNOWN	PURE ONLY	-10.57	-1.27	substrate	333.0953	'5''-Methylthioadenosine [M-H [CORR]]-'	'5,5''-Dehydrodivanillate [M-H [CORR]]-'	ADP [M-H [CORR]]-	ITP [M-H [CORR]]-	ATP [M.H/Na-H [CORR]]-	2,5-Diaminopyrimidine nucleoside triphosphate [M.H/K-H [CORR]]-	Geranyl diphosphate [M+F [CORR]]-	'Adenosine 3'',5''-bisphosphate [M-H [CORR]]-'	dGTP [M.H/Na-H [CORR]]-	'2,5-Diamino-6-(5''-triphosphoryl-3'',4''-trihydroxy-2''-oxopentyl)-amino-4-oxopyrimidine [M.H/K-H [CORR]]-'	dGDP [M-H [CORR]]-																																																	
b4195	ulaC	L-ascorbate-specific enzyme IIA component of PTS	UNKNOWN	LYSATE ONLY	3.09	7.69	product	129.0559	4-Methyl-2-oxopentanoate [M-H]-	(S)-3-Methyl-2-oxopentanoic acid [M-H]-	beta-Ketoisocaproate [M-H]-	1-Oxa-2-oxo-3-hydroxycycloheptane [M-H]-																																																								
b4195	ulaC	L-ascorbate-specific enzyme IIA component of PTS	n.a.	LYSATE ONLY	1.43	5.51	product	129.0915																																																												
b4195	ulaC	L-ascorbate-specific enzyme IIA component of PTS	UNKNOWN	LYSATE ONLY	1.11	6.13	product	471.1722	5-Formiminotetrahydrofolate [M-H]-																																																											
b4196	ulaD	3-keto-L-gulonate 6-phosphate decarboxylase	UNKNOWN	PURE ONLY	-6.25	-0.56	substrate	333.0953	'5''-Methylthioadenosine [M-H [CORR]]-'	'5,5''-Dehydrodivanillate [M-H [CORR]]-'	ADP [M-H [CORR]]-	ITP [M-H [CORR]]-	ATP [M.H/Na-H [CORR]]-	2,5-Diaminopyrimidine nucleoside triphosphate [M.H/K-H [CORR]]-	Geranyl diphosphate [M+F [CORR]]-	'Adenosine 3'',5''-bisphosphate [M-H [CORR]]-'	dGTP [M.H/Na-H [CORR]]-	'2,5-Diamino-6-(5''-triphosphoryl-3'',4''-trihydroxy-2''-oxopentyl)-amino-4-oxopyrimidine [M.H/K-H [CORR]]-'	dGDP [M-H [CORR]]-																																																	
b0323	yahI	predicted carbamate kinase-like protein	n.a.	PURE ONLY	5.99	0.06	product	865.3116																																																												
b1852	zwf	glucose-6-phosphate 1-dehydrogenase	n.a.	PURE ONLY	7.20	-0.74	product	150.1920																																																												
b1852	zwf	glucose-6-phosphate 1-dehydrogenase	KNOWN	LYSATE ONLY	-3.99	-6.35	substrate	259.0233	D-Fructose 6-phosphate [M-H]-	D-Glucose 6-phosphate [M-H]-	D-Glucose 1-phosphate [M-H]-	D-Mannose 6-phosphate [M-H]-	alpha-D-Galactose 1-phosphate [M-H]-	D-Mannose 1-phosphate [M-H]-	beta-D-Glucose 1-phosphate [M-H]-	alpha-D-Glucose 6-phosphate [M-H]-	D-Fructose 1-phosphate [M-H]-	D-Tagatose 6-phosphate [M-H]-	beta-D-Glucose 6-phosphate [M-H]-	Inositol 1-phosphate [M-H]-	beta-D-Fructose 2-phosphate [M-H]-	myo-Inositol 4-phosphate [M-H]-	1D-myo-Inositol 3-phosphate [M-H]-	beta-D-Fructose 6-phosphate [M-H]-	L-Cystine [M+F]-																																											
b1852	zwf	glucose-6-phosphate 1-dehydrogenase	UNKNOWN	LYSATE ONLY	-0.56	5.94	product	306.0768	Glutathione [M-H]-																																																											
b1852	zwf	glucose-6-phosphate 1-dehydrogenase	UNKNOWN	LYSATE ONLY	-0.75	5.85	product	307.0805	Glutathione [M+1 M-H]-	Salicin [M.H/Na-H]-																																																										
b1852	zwf	glucose-6-phosphate 1-dehydrogenase	n.a.	PURE ONLY	-6.13	-1.27	substrate	309.5069																																																												
b1852	zwf	glucose-6-phosphate 1-dehydrogenase	UNKNOWN	LYSATE ONLY	-0.44	5.11	product	328.0594	Glutathione [M.H/Na-H]-																																																											
b1852	zwf	glucose-6-phosphate 1-dehydrogenase	UNKNOWN	LYSATE ONLY	-0.13	5.22	product	344.0346	Glutathione [M-H [CORR]]-	Salicin [M.H/Na-H [CORR]]-																																																										
b1852	zwf	glucose-6-phosphate 1-dehydrogenase	n.a.	BOTH	19.00	5.75	product	371.5395																																																												
b1852	zwf	glucose-6-phosphate 1-dehydrogenase	n.a.	PURE ONLY	7.90	1.37	product	372.0398																																																												
b1852	zwf	glucose-6-phosphate 1-dehydrogenase	n.a.	PURE ONLY	-8.10	-0.68	substrate	742.0673																																																												
b1852	zwf	glucose-6-phosphate 1-dehydrogenase	KNOWN	PURE ONLY	5.89	1.08	product	744.0868	NADPH [M-H]-																																																											
b1852	zwf	glucose-6-phosphate 1-dehydrogenase	n.a.	PURE ONLY	-5.46	-0.76	substrate	764.0504																																																												
