locus tag	gene name	gene annotation	hit in which assay?	Z-score pure	Z-score lysate	change direction	ion m/z	annotation	annotation	annotation	annotation	annotation	annotation	annotation	annotation	annotation	annotation	annotation	annotation	annotation	annotation	annotation	annotation	annotation	annotation	annotation	annotation	annotation	annotation	annotation	annotation	annotation	annotation	annotation	annotation	annotation	annotation	annotation	annotation	annotation	annotation	annotation	annotation	annotation	annotation	annotation	annotation	annotation	annotation	annotation	annotation	annotation	annotation	annotation	annotation	annotation	annotation	annotation	annotation	annotation	annotation	annotation	annotation	annotation	annotation	annotation	annotation
b0024	yaaY	predicted protein	LYSATE ONLY	0.03	6.25	product	62.3649																																																												
b0117	yacH	predicted protein	PURE ONLY	6.61	0.09	product	430.7807																																																												
b0227	yafL	predicted lipoprotein and C40 family peptidase	LYSATE ONLY	0.10	6.80	product	199.9266																																																												
b0233	yafO	mRNA interferase toxin of the YafO-YafN toxin-antitoxin system	LYSATE ONLY	0.31	6.75	product	867.7972																																																												
b0325	yahK	predicted oxidoreductase, Zn-dependent and NAD(P)-binding	PURE ONLY	5.41	-0.53	product	371.5395																																																												
b0327	yahM	predicted protein	PURE ONLY	6.90	-0.04	product	848.6461																																																												
b0389	yaiA	predicted protein	LYSATE ONLY	0.81	5.20	product	409.0276																																																												
b0389	yaiA	predicted protein	PURE ONLY	5.94	2.69	product	491.3212																																																												
b0391	yaiE	conserved protein, UPF0345 family	LYSATE ONLY	-0.17	5.28	product	269.0886	Acetate [M-H [CORR]]-	Uracil [M-H [CORR]]-	L-Threonine [M+F [CORR]]-	L-Histidine [M-H [CORR]]-	Pyridoxal [M-H [CORR]]-	Toluene-4-sulfonate [M+1 M-H [CORR]]-	4-Pyridoxate [M-H [CORR]]-	O-Phospho-L-serine [M-H [CORR]]-	N6-Acetyl-N6-hydroxy-L-lysine [M+F [CORR]]-	Pantetheine [M-H [CORR]]-	Glycolaldehyde [M-H [CORR]]-	L-Homoserine [M+F [CORR]]-	3-Methoxyanthranilate [M-H [CORR]]-	3-Hydroxy-4-hydroxymethyl-2-methylpyridine-5-carboxylate [M-H [CORR]]-	Dihydroechinofuran [M+F [CORR]]-	L-Allothreonine [M+F [CORR]]-	Isopyridoxal [M-H [CORR]]-	L-erythro-4-Hydroxyglutamate [M+F [CORR]]-	alpha-Ribazole [M-H [CORR]]-	L-Glutamate [M+F [CORR]]-	D-Glutamate [M+F [CORR]]-	DL-Glutamate [M+F [CORR]]-	O-Acetyl-L-serine [M+F [CORR]]-	L-threo-3-Methylaspartate [M+F [CORR]]-	L-4-Hydroxyglutamate semialdehyde [M+F [CORR]]-	2-Oxo-4-hydroxy-5-aminovalerate [M+F [CORR]]-																																		
b0364	yaiS	conserved protein	LYSATE ONLY	0.31	5.12	product	514.1253																																																												
b0364	yaiS	conserved protein	LYSATE ONLY	0.26	5.97	product	563.1511																																																												
b0364	yaiS	conserved protein	LYSATE ONLY	0.66	5.01	product	623.2147																																																												
b0364	yaiS	conserved protein	PURE ONLY	14.96	-0.22	product	833.3128																																																												
b0375	yaiV	predicted DNA-binding transcriptional regulator	LYSATE ONLY	0.19	5.82	product	975.3927																																																												
b0419	yajO	2-carboxybenzaldehyde reductase, function unknown	LYSATE ONLY	-0.34	-5.33	substrate	348.0881	S-(Formylmethyl)glutathione [M-H]-																																																											
b0445	ybaE	predicted transporter subunit: periplasmic-binding component of ABC superfamily	LYSATE ONLY	-0.03	6.27	product	134.0476	Adenine [M-H]-	4-Hydroxy-L-threonine [M-H]-																																																										
b0445	ybaE	predicted transporter subunit: periplasmic-binding component of ABC superfamily	LYSATE ONLY	-0.23	7.58	product	302.0668	Adenosine [M-H [CORR]]-	Xanthosine [M+F [CORR]]-	Deoxyguanosine [M-H [CORR]]-																																																									
b0445	ybaE	predicted transporter subunit: periplasmic-binding component of ABC superfamily	LYSATE ONLY	0.57	7.52	product	356.1222	Adenine [M-H [CORR]]-	Adenosine [M-H [CORR]]-	Xanthosine [M+F [CORR]]-	Riboflavin [M+F [CORR]]-	4-Hydroxy-L-threonine [M-H [CORR]]-	Deoxyguanosine [M-H [CORR]]-																																																						
b0445	ybaE	predicted transporter subunit: periplasmic-binding component of ABC superfamily	LYSATE ONLY	-0.29	5.53	product	356.1478	Adenosine [M-H [CORR]]-	Xanthosine [M+F [CORR]]-	Deoxyguanosine [M-H [CORR]]-																																																									
b0447	ybaO	predicted DNA-binding transcriptional regulator	LYSATE ONLY	1.55	5.52	product	133.9235																																																												
b0454	ybaZ	binds and enhances nucleotide excision repair of O(6)-alkylguanine; degenerate cysteine methyltransferase homolog	LYSATE ONLY	-0.07	5.48	product	707.2778																																																												
b0490	ybbL	predicted transporter subunit: ATP-binding component of ABC superfamily	PURE ONLY	-5.38	-1.47	substrate	505.9870	ATP [M-H]-	dGTP [M-H]-																																																										
b0599	ybdH	predicted oxidoreductase	LYSATE ONLY	0.90	6.92	product	103.0395	(R)-3-Hydroxybutanoate [M-H]-	(S)-3-Hydroxyisobutyrate [M-H]-																																																										
b0599	ybdH	predicted oxidoreductase	LYSATE ONLY	1.39	7.93	product	131.0707	(R)-3-Hydroxybutanoate [M-H [CORR]]-	(S)-3-Hydroxyisobutyrate [M-H [CORR]]-																																																										
b0599	ybdH	predicted oxidoreductase	LYSATE ONLY	0.32	5.12	product	445.1532																																																												
b0580	ybdJ	predicted inner membrane protein	PURE ONLY	5.07	-0.14	product	852.8234																																																												
b0643	ybeL	conserved protein, DUF1451 family	PURE ONLY	5.40	0.58	product	441.0038																																																												
b0644	ybeQ	conserved protein	LYSATE ONLY	0.52	6.25	product	810.6931																																																												
b0660	ybeZ	predicted protein with nucleoside triphosphate hydrolase domain	LYSATE ONLY	-0.45	5.01	product	591.1409																																																												
b0690	ybfG	not matched	LYSATE ONLY	-0.48	12.77	product	840.6947																																																												
b0691	ybfH	not matched	LYSATE ONLY	3.52	6.10	product	132.9968	(S)-Malate [M-H [CORR]]-	(R)-Malate [M-H [CORR]]-	3-Dehydro-L-threonate [M-H [CORR]]-																																																									
b0691	ybfH	not matched	PURE ONLY	9.54	1.92	product	201.9261																																																												
b4514	ybfQ	not matched	PURE ONLY	5.99	0.36	product	351.3095																																																												
b0712	ybgK	predicted enzyme subunit	PURE ONLY	6.27	0.80	product	75.3276																																																												
b0716	ybgO	predicted fimbrial-like adhesin protein	LYSATE ONLY	-0.40	5.29	product	159.0775	D-Alanyl-D-alanine [M-H]-	N-gamma-Acetyldiaminobutyrate [M-H]-	N-alpha-Acetyl-L-2,4-diaminobutyrate [M-H]-																																																									
b0716	ybgO	predicted fimbrial-like adhesin protein	LYSATE ONLY	0.12	-5.44	substrate	377.0870																																																												
b0716	ybgO	predicted fimbrial-like adhesin protein	LYSATE ONLY	-0.05	-5.20	substrate	378.0912																																																												
b0716	ybgO	predicted fimbrial-like adhesin protein	LYSATE ONLY	0.13	-5.65	substrate	379.0851																																																												
b0716	ybgO	predicted fimbrial-like adhesin protein	LYSATE ONLY	-0.11	5.70	product	430.1558	Uridine [M-H [CORR]]-	Pseudouridine [M-H [CORR]]-	Piceatannol [M-H [CORR]]-																																																									
b0716	ybgO	predicted fimbrial-like adhesin protein	LYSATE ONLY	-0.64	5.10	product	472.2040	4-Aminobutanoate [M-H [CORR]]-	L-Aspartate [M-H [CORR]]-	L-Histidine [M-H [CORR]]-	L-Phenylalanine [M+1 M-H [CORR]]-	L-Arginine [M-H [CORR]]-	O-Phospho-L-serine [M-H [CORR]]-	Uridine [M-H [CORR]]-	2,4-Bis(acetamido)-2,4,6-trideoxy-beta-L-altropyranose [M-H [CORR]]-	Pyridoxal phosphate [M-H [CORR]]-	N-Acetylneuraminate [M-H [CORR]]-	N,N-Dimethylglycine [M-H [CORR]]-	D-Aspartate [M-H [CORR]]-	D-Phenylalanine [M+1 M-H [CORR]]-	Pseudouridine [M-H [CORR]]-	-7-Isomethyljasmonate [M.H/Na-H [CORR]]-	L-Glutamyl 5-phosphate [M+F [CORR]]-	L-3-Amino-isobutanoate [M-H [CORR]]-	N-Formyl-4-amino-5-aminomethyl-2-methylpyrimidine [M-H [CORR]]-	Piceatannol [M-H [CORR]]-	Trinitrotoluene [M+F [CORR]]-																																								
b0716	ybgO	predicted fimbrial-like adhesin protein	PURE ONLY	6.25	-1.37	product	552.4876																																																												
b0716	ybgO	predicted fimbrial-like adhesin protein	LYSATE ONLY	0.28	-6.97	substrate	955.9710																																																												
b0716	ybgO	predicted fimbrial-like adhesin protein	LYSATE ONLY	-0.05	-5.50	substrate	956.9722	3-(3,4-Dihydroxyphenyl)pyruvate [M+F [CORR]]-																																																											
b0716	ybgO	predicted fimbrial-like adhesin protein	LYSATE ONLY	0.12	-5.83	substrate	957.9696																																																												
b0769	ybhH	conserved protein	PURE ONLY	5.08	-0.20	product	807.1862																																																												
b0788	ybhN	conserved inner membrane protein	LYSATE ONLY	-0.76	6.69	product	654.4072																																																												
b0800	ybiB	predicted family 3 glycosyltransferase	PURE ONLY	6.01	-0.78	product	582.5089																																																												
b0801	ybiC	predicted dehydrogenase	BOTH	-9.30	-8.87	substrate	145.0139	2-Oxoglutarate [M-H]-	5-Hydroxy-2,4-dioxopentanoate [M-H]-	Methyloxaloacetate [M-H]-																																																									
b0801	ybiC	predicted dehydrogenase	BOTH	28.31	29.53	product	147.0300	2-Dehydro-3-deoxy-L-arabinonate [M-H]-	L-Arabinono-1,4-lactone [M-H]-	D-Xylonolactone [M-H]-	(R)-2-Methylmalate [M-H]-	(S)-2-Methylmalate [M-H]-	2-Hydroxyglutarate [M-H]-	2-Dehydro-3-deoxy-D-xylonate [M-H]-	L-threo-3-Methylmalate [M-H]-	D-threo-3-Methylmalate [M-H]-	D-erythro-3-Methylmalate [M-H]-																																																		
b0801	ybiC	predicted dehydrogenase	PURE ONLY	-13.63	1.08	substrate	163.0407	Phenylpyruvate [M-H]-	4-Coumarate [M-H]-	trans-2-Hydroxycinnamate [M-H]-	2-Hydroxy-3-phenylpropenoate [M-H]-	cis-2-Hydroxycinnamate [M-H]-	3-Oxo-3-phenylpropanoate [M-H]-	trans-3-Hydroxycinnamate [M-H]-	2,3-Dimethylmaleate [M+F]-	Methylitaconate [M+F]-	2-Methyleneglutarate [M+F]-																																																		
b0801	ybiC	predicted dehydrogenase	PURE ONLY	13.66	-0.30	product	165.0570	3-(2-Hydroxyphenyl)propanoate [M-H]-	3-Methoxy-4-hydroxyphenylacetaldehyde [M-H]-	Phenyllactate [M-H]-	3-(3-Hydroxyphenyl)propanoic acid [M-H]-	2-Dehydropantoate [M+F]-	(R)-4-Dehydropantoate [M+F]-	(S)-2-Aceto-2-hydroxybutanoate [M+F]-	Adipate [M+F]-	4-Hydroxy-2-oxohexanoic acid [M+F]-	(R)-3-Hydroxy-3-methyl-2-oxopentanoate [M+F]-	3-Hydroxy-5-oxohexanoate [M+F]-																																																	
b0802	ybiJ	predicted protein	LYSATE ONLY	-0.22	9.26	product	589.1575																																																												
b0802	ybiJ	predicted protein	LYSATE ONLY	-1.03	5.80	product	591.1409																																																												
b0802	ybiJ	predicted protein	PURE ONLY	6.08	1.74	product	647.2533																																																												
b0802	ybiJ	predicted protein	LYSATE ONLY	0.16	5.47	product	662.4778	Glutathione [M-H [CORR]]-																																																											
b0802	ybiJ	predicted protein	LYSATE ONLY	-0.41	5.28	product	690.5046	Glutathione [M-H [CORR]]-																																																											
b0808	ybiO	predicted mechanosensitive channel	LYSATE ONLY	-1.37	6.73	product	132.9968	(S)-Malate [M-H [CORR]]-	(R)-Malate [M-H [CORR]]-	3-Dehydro-L-threonate [M-H [CORR]]-																																																									
b0808	ybiO	predicted mechanosensitive channel	LYSATE ONLY	1.75	7.60	product	133.0138	(S)-Malate [M-H]-	(R)-Malate [M-H]-	3-Dehydro-L-threonate [M-H]-																																																									
b0808	ybiO	predicted mechanosensitive channel	LYSATE ONLY	0.08	6.07	product	328.0594	Glutathione [M.H/Na-H]-																																																											
b0808	ybiO	predicted mechanosensitive channel	LYSATE ONLY	0.22	7.75	product	811.2989																																																												
b0876	ybjD	conserved protein with nucleoside triphosphate hydrolase domain	PURE ONLY	6.59	1.09	product	648.3381																																																												
b0844	ybjI	FMN and erythrose-4-P phosphatase	PURE ONLY	6.37	-0.11	product	840.6947																																																												
b0847	ybjL	predicted transporter	PURE ONLY	9.95	0.72	product	841.2590																																																												
b0877	ybjX	conserved protein	PURE ONLY	5.51	-0.34	product	853.3244																																																												
b0901	ycaK	conserved protein	PURE ONLY	10.14	-0.30	product	78.9382																																																												
b0916	ycaQ	conserved protein	LYSATE ONLY	-0.96	6.36	product	380.0848																																																												
b0917	ycaR	conserved protein, UPF0434 family	PURE ONLY	5.01	2.84	product	363.0931	CDP [M-H [CORR]]-																																																											
b0917	ycaR	conserved protein, UPF0434 family	PURE ONLY	5.25	2.22	product	364.0190	CDP [M-H [CORR]]-																																																											
b0917	ycaR	conserved protein, UPF0434 family	PURE ONLY	6.62	2.06	product	367.0127	'Orotidine 5''-phosphate [M-H]-'																																																											
b0917	ycaR	conserved protein, UPF0434 family	PURE ONLY	5.05	2.35	product	453.0472	CDP [M-H [CORR]]-																																																											
b0917	ycaR	conserved protein, UPF0434 family	PURE ONLY	5.37	1.57	product	491.3212																																																												
b0917	ycaR	conserved protein, UPF0434 family	PURE ONLY	6.74	2.29	product	495.0615	'Orotidine 5''-phosphate [M-H [CORR]]-'	dCDP [M+F [CORR]]-																																																										
b0917	ycaR	conserved protein, UPF0434 family	LYSATE ONLY	-1.09	6.54	product	589.1575																																																												
b0920	ycbC	conserved protein, DUF218 superfamily	PURE ONLY	5.51	2.29	product	322.0472	CMP [M-H]-	'3''-CMP [M-H]-'																																																										
b0947	ycbX	predicted 2Fe-2S cluster-containing protein; 6-N-hydroxylaminopurine resistance protein	LYSATE ONLY	0.77	5.59	product	184.9856	3-Phospho-D-glycerate [M-H]-	2-Phospho-D-glycerate [M-H]-																																																										
b0947	ycbX	predicted 2Fe-2S cluster-containing protein; 6-N-hydroxylaminopurine resistance protein	LYSATE ONLY	-0.42	5.03	product	185.0093	3-Carboxy-cis,cis-muconate [M-H]-	2-Carboxy-2,5-dihydro-5-oxofuran-2-acetate [M-H]-	Maleylpyruvate [M-H]-	3-Fumarylpyruvate [M-H]-	3-Carboxy-2,5-dihydro-5-oxofuran-2-acetate [M-H]-	2-Hydroxy-2-hydropyrone-4,6-dicarboxylate [M-H]-																																																						
b0947	ycbX	predicted 2Fe-2S cluster-containing protein; 6-N-hydroxylaminopurine resistance protein	LYSATE ONLY	-0.03	6.81	product	206.9690	Lead [M-H]-																																																											
b0947	ycbX	predicted 2Fe-2S cluster-containing protein; 6-N-hydroxylaminopurine resistance protein	LYSATE ONLY	-0.87	5.52	product	313.1127																																																												
b0947	ycbX	predicted 2Fe-2S cluster-containing protein; 6-N-hydroxylaminopurine resistance protein	LYSATE ONLY	0.13	5.19	product	328.0594	Glutathione [M.H/Na-H]-																																																											
b0947	ycbX	predicted 2Fe-2S cluster-containing protein; 6-N-hydroxylaminopurine resistance protein	LYSATE ONLY	-0.46	5.22	product	328.1004																																																												
b0947	ycbX	predicted 2Fe-2S cluster-containing protein; 6-N-hydroxylaminopurine resistance protein	LYSATE ONLY	0.34	5.17	product	350.0422																																																												
b1003	yccJ	predicted protein	LYSATE ONLY	0.92	5.09	product	441.0038																																																												
b1087	yceF	Maf-like protein	PURE ONLY	9.94	-0.42	product	119.9259																																																												
b1087	yceF	Maf-like protein	PURE ONLY	5.20	1.49	product	406.0255	dCDP [M+F]-																																																											
b1058	yceO	predicted protein	LYSATE ONLY	-0.60	5.72	product	864.7562																																																												
b1163	ycgF	anti-repressor for YcgE, blue light-responsive; FAD-binding; has c-di-GMP phosphodiesterase-like EAL domain, but does not degrade c-di-GMP	PURE ONLY	6.63	0.02	product	851.2920																																																												
b1168	ycgG	predicted cyclic-di-GMP phosphodiesterase	LYSATE ONLY	1.06	5.83	product	115.0040	Fumarate [M-H]-																																																											
b1168	ycgG	predicted cyclic-di-GMP phosphodiesterase	LYSATE ONLY	0.29	5.53	product	136.9845	Fumarate [M-H [CORR]]-	(S)-Malate [M-H [CORR]]-	(R)-Malate [M-H [CORR]]-	3-Dehydro-L-threonate [M-H [CORR]]-																																																								
b1173	ycgI	not matched	LYSATE ONLY	0.05	5.63	product	109.0041	Benzonitrile [M-H [CORR]]-	Urea-1-carboxylate [M-H [CORR]]-	Indole [M-H [CORR]]-	3-Mercaptolactate [M+1 M-H [CORR]]-	L-Fuculose 1-phosphate [M-H [CORR]]-	Phenylacetonitrile [M-H [CORR]]-	L-Rhamnulose 1-phosphate [M-H [CORR]]-	Guanidinoacetate [M-H [CORR]]-																																																				
b1179	ycgL	conserved protein	LYSATE ONLY	-0.85	7.97	product	50.4732																																																												
b1180	ycgM	predicted isomerase/hydrolase	PURE ONLY	5.92	0.16	product	833.3128																																																												
b1161	ycgX	predicted protein	LYSATE ONLY	-0.03	12.89	product	841.2590																																																												
b1203	ychF	ATPase, K+-dependent, ribosome-associated	LYSATE ONLY	-0.87	5.82	product	483.2716																																																												
b1205	ychH	predicted inner membrane protein	LYSATE ONLY	0.16	18.37	product	867.7972																																																												
b1213	ychQ	predicted inner membrane protein, SIRB family	PURE ONLY	6.55	-0.22	product	853.3244																																																												
b1254	yciB	predicted inner membrane protein	PURE ONLY	7.81	-0.05	product	874.6848																																																												
b1251	yciI	predicted enzyme	LYSATE ONLY	0.13	8.75	product	765.6167																																																												
b1267	yciO	predicted RNA binding protein	LYSATE ONLY	-0.39	6.84	product	895.6970																																																												
b1322	ycjF	inner membrane protein, UPF0283 family	LYSATE ONLY	-0.29	12.01	product	111.9143																																																												
b1314	ycjR	predicted enzyme	LYSATE ONLY	-0.44	5.19	product	239.9339																																																												
b1347	ydaC	Rac prophage; predicted protein	PURE ONLY	5.51	-0.10	product	810.6931																																																												
b1406	ydbC	predicted oxidoreductase, NAD(P)-binding	LYSATE ONLY	-4.41	-5.73	substrate	166.0519	Pyridoxal [M-H]-	3-Methoxyanthranilate [M-H]-	Isopyridoxal [M-H]-	L-Glutamate [M+F]-	D-Glutamate [M+F]-	DL-Glutamate [M+F]-	O-Acetyl-L-serine [M+F]-	L-threo-3-Methylaspartate [M+F]-	L-4-Hydroxyglutamate semialdehyde [M+F]-	2-Oxo-4-hydroxy-5-aminovalerate [M+F]-																																																		
b1406	ydbC	predicted oxidoreductase, NAD(P)-binding	BOTH	13.24	16.58	product	663.1060	NAD+ [M-H]-																																																											
b1457	ydcD	predicted protein	PURE ONLY	5.14	0.56	product	110.8987																																																												
b1471	yddK	not matched	LYSATE ONLY	0.52	11.79	product	221.9080																																																												
b1528	ydeA	predicted arabinose transporter	LYSATE ONLY	0.96	5.06	product	115.0040	Fumarate [M-H]-																																																											
b1528	ydeA	predicted arabinose transporter	LYSATE ONLY	0.15	5.02	product	491.3212																																																												
b1536	ydeI	conserved protein	LYSATE ONLY	-0.95	5.87	product	851.2920																																																												
b1537	ydeJ	conserved protein	LYSATE ONLY	-0.87	14.56	product	895.6970																																																												
b1497	ydeM	conserved protein	PURE ONLY	15.54	0.42	product	154.8751																																																												
b1573	ydfC	conserved protein, Qin prophage	PURE ONLY	8.82	0.27	product	108.8771																																																												
b1565	ydfV	Qin prophage; predicted protein	LYSATE ONLY	-0.82	9.44	product	670.6622																																																												
b1541	ydfZ	selenoprotein, function unknown	PURE ONLY	5.89	-0.03	product	495.0615	'Orotidine 5''-phosphate [M-H [CORR]]-'	dCDP [M+F [CORR]]-																																																										
b1624	ydgJ	predicted oxidoreductase	PURE ONLY	5.86	2.91	product	157.9392																																																												
b1645	ydhK	Efflux protein family (PET) component of predicted YdhJK efflux pump	LYSATE ONLY	0.31	5.87	product	824.7196																																																												
b1664	ydhQ	conserved protein	PURE ONLY	5.13	-0.42	product	266.2017																																																												
b1672	ydhW	predicted protein	LYSATE ONLY	-0.01	6.29	product	177.9005																																																												
b1675	ydhZ	predicted protein	PURE ONLY	6.06	0.15	product	115.0040	Fumarate [M-H]-																																																											
b1675	ydhZ	predicted protein	LYSATE ONLY	-1.23	5.43	product	541.1781																																																												
b1675	ydhZ	predicted protein	PURE ONLY	7.25	-0.16	product	898.7473																																																												
b1686	ydiI	acyl-CoA esterase in vitro	LYSATE ONLY	-0.49	9.26	product	225.1858																																																												
b1691	ydiN	Inner membrane protein, predicted MFS superfamily transporter	LYSATE ONLY	1.13	5.78	product	121.9567																																																												
b1699	ydiS	predicted oxidoreductase with FAD/NAD(P)-binding domain	PURE ONLY	8.62	0.65	product	95.3763																																																												
b1707	ydiV	probable cyclic di-GMP regulator, inactive EAL family phosphodiesterase	LYSATE ONLY	-0.15	5.30	product	55.5366																																																												
b1724	ydiZ	predicted protein	PURE ONLY	5.11	-0.07	product	364.0190	CDP [M-H [CORR]]-																																																											
b1724	ydiZ	predicted protein	PURE ONLY	5.71	-0.17	product	453.0472	CDP [M-H [CORR]]-																																																											
b1724	ydiZ	predicted protein	PURE ONLY	-5.42	-0.57	substrate	498.2907																																																												
b1724	ydiZ	predicted protein	PURE ONLY	-5.26	-0.35	substrate	540.1877																																																												
b1724	ydiZ	predicted protein	LYSATE ONLY	-0.03	6.27	product	810.6931																																																												
b1772	ydjH	predicted kinase	LYSATE ONLY	0.40	5.98	product	377.0870																																																												
b1772	ydjH	predicted kinase	LYSATE ONLY	0.33	5.48	product	378.0912																																																												
b1772	ydjH	predicted kinase	LYSATE ONLY	0.47	5.25	product	955.9710																																																												
b1773	ydjI	predicted aldolase	LYSATE ONLY	-1.08	23.54	product	941.7848																																																												
b1776	ydjL	predicted oxidoreductase, Zn-dependent and NAD(P)-binding	PURE ONLY	9.19	0.15	product	197.8881																																																												
b1729	ydjN	predicted transporter	LYSATE ONLY	-1.21	5.31	product	491.3212																																																												
b1730	ydjO	predicted protein	PURE ONLY	5.78	-0.76	product	237.9149																																																												
b1784	yeaH	conserved protein	LYSATE ONLY	1.59	23.44	product	95.8489																																																												
b1784	yeaH	conserved protein	BOTH	8.40	10.71	product	145.0139	2-Oxoglutarate [M-H]-	5-Hydroxy-2,4-dioxopentanoate [M-H]-	Methyloxaloacetate [M-H]-																																																									
b1784	yeaH	conserved protein	BOTH	10.08	7.89	product	166.9949																																																												
b1792	yeaO	conserved protein	PURE ONLY	8.04	0.14	product	867.7972																																																												
b1803	yeaX	predicted oxidoreductase	PURE ONLY	5.02	-0.35	product	974.7749																																																												
b1834	yebT	conserved protein	PURE ONLY	6.36	-0.37	product	810.6931																																																												
b1839	yebY	predicted protein	PURE ONLY	5.17	-0.37	product	898.7473																																																												
b1875	yecM	predicted metal-binding enzyme	PURE ONLY	7.72	1.47	product	121.0399	Nicotinamide [M-H]-	N-Formiminoglycine [M+F]-																																																										
b1875	yecM	predicted metal-binding enzyme	PURE ONLY	5.15	-0.10	product	212.0020																																																												
b1969	yedW	predicted DNA-binding response regulator in two-component system with YedV	LYSATE ONLY	-0.40	5.22	product	201.9261																																																												
b2012	yeeD	conserved protein	LYSATE ONLY	-1.12	5.36	product	134.0246	Maleamate [M+F]-	L-Homocysteine [M-H]-																																																										
b2013	yeeE	inner membrane protein, UPF0394 family	PURE ONLY	5.15	-1.11	product	60.1057																																																												
b2013	yeeE	inner membrane protein, UPF0394 family	LYSATE ONLY	0.07	9.90	product	483.2716																																																												
b2013	yeeE	inner membrane protein, UPF0394 family	LYSATE ONLY	0.87	13.14	product	941.6497																																																												
b2002	yeeS	CP4-44 prophage; predicted DNA repair protein	PURE ONLY	12.96	0.16	product	183.9084																																																												
b2002	yeeS	CP4-44 prophage; predicted DNA repair protein	PURE ONLY	5.82	-0.02	product	852.8234																																																												
b2006	yeeW	not matched	LYSATE ONLY	0.88	9.05	product	124.9332																																																												
b2006	yeeW	not matched	PURE ONLY	13.06	-0.45	product	707.2778																																																												
b2015	yeeY	predicted DNA-binding transcriptional regulator	LYSATE ONLY	0.62	-5.64	substrate	124.0225																																																												
b2015	yeeY	predicted DNA-binding transcriptional regulator	LYSATE ONLY	1.24	-6.60	substrate	212.0020																																																												
b2073	yegL	conserved protein	LYSATE ONLY	-0.91	8.36	product	60.1057																																																												
b2080	yegP	conserved protein, UPF0339 family	PURE ONLY	5.98	1.21	product	364.0190	CDP [M-H [CORR]]-																																																											
b2080	yegP	conserved protein, UPF0339 family	PURE ONLY	6.26	0.92	product	367.0127	'Orotidine 5''-phosphate [M-H]-'																																																											
b2080	yegP	conserved protein, UPF0339 family	PURE ONLY	5.22	0.80	product	453.0472	CDP [M-H [CORR]]-																																																											
b2099	yegU	predicted hydrolase	PURE ONLY	5.10	-0.95	product	128.9338																																																												
b2101	yegW	predicted DNA-binding transcriptional regulator	LYSATE ONLY	1.14	-6.31	substrate	240.0525	L-Histidinol phosphate [M+F]-																																																											
b2112	yehE	predicted protein	LYSATE ONLY	-0.63	6.84	product	486.7450																																																												
b2121	yehP	conserved protein	LYSATE ONLY	0.16	8.77	product	448.1051																																																												
b2121	yehP	conserved protein	LYSATE ONLY	0.91	9.69	product	450.1077																																																												
b2121	yehP	conserved protein	LYSATE ONLY	0.93	5.94	product	487.0807																																																												
b2121	yehP	conserved protein	LYSATE ONLY	-0.83	7.82	product	537.1329																																																												
b2121	yehP	conserved protein	LYSATE ONLY	-0.37	5.64	product	537.1806																																																												
b2124	yehS	conserved protein, DUF1456 family	LYSATE ONLY	-0.09	8.10	product	486.7450																																																												
b2173	yeiR	predicted enzyme	PURE ONLY	8.37	-0.20	product	659.7461																																																												
b4502	yeiW	conserved protein, UPF0153 family	PURE ONLY	7.50	-1.48	product	132.8975																																																												
b4502	yeiW	conserved protein, UPF0153 family	PURE ONLY	5.88	-0.03	product	494.4788																																																												
b2181	yejG	predicted protein	PURE ONLY	12.39	0.15	product	646.5419																																																												
b2184	yejH	predicted ATP-dependent DNA or RNA helicase	PURE ONLY	5.90	0.21	product	852.8234																																																												
b2244	yfaD	conserved protein	LYSATE ONLY	1.13	6.19	product	183.9084																																																												
b2225	yfaP	conserved protein	LYSATE ONLY	-0.20	5.20	product	843.3521																																																												
b2272	yfbM	conserved protein, DUF1877 family	PURE ONLY	11.24	0.12	product	124.9332																																																												
b2293	yfbT	sugar phosphatas	BOTH	22.70	19.22	product	181.0704	Mannitol [M-H]-	D-Sorbitol [M-H]-	Galactitol [M-H]-	L-Tyrosine [M+1 M-H]-	3-Amino-3-(4-hydroxyphenyl)propanoate [M+1 M-H]-	N-Hydroxy-L-phenylalanine [M+1 M-H]-																																																						
b2293	yfbT	sugar phosphatas	BOTH	16.86	12.41	product	181.0941																																																												
b2293	yfbT	sugar phosphatas	PURE ONLY	7.43	4.05	product	181.1481																																																												
b2293	yfbT	sugar phosphatas	BOTH	18.85	11.59	product	271.0965	Deoxyshikonin [M-H]-																																																											
b2293	yfbT	sugar phosphatas	PURE ONLY	6.65	2.49	product	271.1641																																																												
b2305	yfcI	conserved protein	LYSATE ONLY	0.46	16.88	product	197.8881																																																												
b2331	yfcN	predicted DNA endonuclease	PURE ONLY	5.09	-0.67	product	182.0126	Urea-1-carboxylate [M-H [CORR]]-	Indole [M-H [CORR]]-	3-Mercaptolactate [M+1 M-H [CORR]]-	L-Fuculose 1-phosphate [M-H [CORR]]-	Phenylacetonitrile [M-H [CORR]]-	L-Rhamnulose 1-phosphate [M-H [CORR]]-	Guanidinoacetate [M-H [CORR]]-																																																					
b2355	yfdL	not matched	PURE ONLY	19.37	0.22	product	456.7882																																																												
b2356	yfdM	not matched	PURE ONLY	5.53	0.14	product	967.8594																																																												
b2420	yfeS	conserved protein	LYSATE ONLY	0.51	6.73	product	660.8075																																																												
b2433	yfeZ	inner membrane protein	PURE ONLY	6.85	0.19	product	124.9332																																																												
b2495	yfgD	predicted oxidoreductase	BOTH	-8.19	-5.13	substrate	124.0225																																																												
b2495	yfgD	predicted oxidoreductase	LYSATE ONLY	0.11	8.31	product	183.9084																																																												
b2495	yfgD	predicted oxidoreductase	BOTH	-10.84	-6.38	substrate	212.0020																																																												
b2505	yfgH	outer membrane lipoprotein	LYSATE ONLY	-1.03	13.09	product	825.2799																																																												
b2505	yfgH	outer membrane lipoprotein	LYSATE ONLY	-0.70	7.77	product	843.3521																																																												
b2506	yfgI	conserved protein	PURE ONLY	6.08	-0.23	product	197.8881																																																												
b2581	yfiF	predicted methyltransferase	PURE ONLY	7.79	0.14	product	124.9332																																																												
b2583	yfiP	conserved protein, DTW domain	LYSATE ONLY	-0.16	5.63	product	974.7749																																																												
b2618	yfjF	conserved protein, UPF0125 family	PURE ONLY	11.25	0.34	product	441.0038																																																												
b2625	yfjI	CP4-57 prophage; predicted protein	LYSATE ONLY	-0.58	-5.84	substrate	240.0525	L-Histidinol phosphate [M+F]-																																																											
b2628	yfjL	CP4-57 prophage; predicted protein	PURE ONLY	5.17	-0.22	product	116.9529	Maleamate [M+F [CORR]]-	Propanoyl phosphate [M-H [CORR]]-	4-Phospho-D-erythronate [M-H [CORR]]-	L-Homocysteine [M-H [CORR]]-	Oxalureate [M.H/Na-H [CORR]]-																																																							
b2668	ygaP	predicted inner membrane protein with hydrolase activity	LYSATE ONLY	-0.27	6.20	product	108.8771																																																												
b2654	ygaQ	not matched	PURE ONLY	5.26	1.16	product	696.8370																																																												
b2654	ygaQ	not matched	PURE ONLY	6.44	0.02	product	833.3128																																																												
b4462	ygaR	not matched	LYSATE ONLY	0.25	14.42	product	811.2989																																																												
b2680	ygaX	not matched	PURE ONLY	5.73	2.43	product	118.2649																																																												
b2749	ygbE	conserved inner membrane protein	LYSATE ONLY	-0.25	7.39	product	840.6947																																																												
b2735	ygbI	predicted transcriptional regulator, DeoR family	PURE ONLY	5.21	-0.17	product	152.9909	Propanoyl phosphate [M-H]-	Oxalureate [M.H/Na-H]-																																																										
b2735	ygbI	predicted transcriptional regulator, DeoR family	PURE ONLY	8.58	-0.03	product	843.3521																																																												
b2761	ygcB	Cas3 predicted helicase needed for Cascade anti-viral activity	LYSATE ONLY	-1.14	-6.94	substrate	240.0525	L-Histidinol phosphate [M+F]-																																																											
b2767	ygcO	predicted 4Fe-4S cluster-containing protein	LYSATE ONLY	0.60	9.06	product	813.2989																																																												
b2770	ygcR	predicted flavoprotein	LYSATE ONLY	0.85	5.39	product	128.4542																																																												
b2795	ygdH	conserved protein, UPF0717 family	BOTH	12.52	8.83	product	107.0367	Adenine [M-H [CORR]]-	4-Hydroxy-L-threonine [M-H [CORR]]-																																																										
b2795	ygdH	conserved protein, UPF0717 family	BOTH	12.87	7.35	product	134.0246	Maleamate [M+F]-	L-Homocysteine [M-H]-																																																										
b2795	ygdH	conserved protein, UPF0717 family	BOTH	23.61	8.55	product	134.0476	Adenine [M-H]-	4-Hydroxy-L-threonine [M-H]-																																																										
b2795	ygdH	conserved protein, UPF0717 family	BOTH	5.38	7.15	product	134.2204																																																												
b2795	ygdH	conserved protein, UPF0717 family	BOTH	12.41	13.78	product	135.0463	Toluate [M-H]-	4-Hydroxyphenylacetaldehyde [M-H]-	Phenylacetic acid [M-H]-	2-Hydroxyacetophenone [M-H]-	m-Methylbenzoate [M-H]-	o-Toluate [M-H]-	'4''-Hydroxyacetophenone [M-H]-'	3-Methylsalicylaldehyde [M-H]-	3-Methyl-2-oxobutanoic acid [M+F]-	5-Oxopentanoate [M+F]-																																																		
b2795	ygdH	conserved protein, UPF0717 family	LYSATE ONLY	-0.43	6.24	product	289.0356	Sedoheptulose 7-phosphate [M-H]-	D-glycero-beta-D-manno-Heptose 7-phosphate [M-H]-	D-glycero-beta-D-manno-Heptose 1-phosphate [M-H]-	D-glycero-alpha-D-manno-Heptose 7-phosphate [M-H]-	D-glycero-alpha-D-manno-Heptose 1-phosphate [M-H]-	D-glycero-D-manno-Heptose 7-phosphate [M-H]-																																																						
b2795	ygdH	conserved protein, UPF0717 family	BOTH	-14.23	-8.10	substrate	322.0472	CMP [M-H]-	'3''-CMP [M-H]-'																																																										
b2795	ygdH	conserved protein, UPF0717 family	BOTH	-14.31	-9.64	substrate	323.0287	UMP [M-H]-	'Pseudouridine 5''-phosphate [M-H]-'	'3''-UMP [M-H]-'																																																									
b2795	ygdH	conserved protein, UPF0717 family	PURE ONLY	-5.83	-2.22	substrate	347.0511																																																												
b2795	ygdH	conserved protein, UPF0717 family	PURE ONLY	-9.51	-4.01	substrate	362.0511	GMP [M-H]-	'Guanosine 3''-phosphate [M-H]-'	Precursor Z [M-H]-																																																									
b2795	ygdH	conserved protein, UPF0717 family	PURE ONLY	-9.65	-3.25	substrate	426.0221	ADP [M-H]-	'Adenosine 3'',5''-bisphosphate [M-H]-'	dGDP [M-H]-																																																									
b2795	ygdH	conserved protein, UPF0717 family	PURE ONLY	-6.84	-3.22	substrate	448.0072	ADP [M-H [CORR]]-	'Adenosine 3'',5''-bisphosphate [M-H [CORR]]-'	dGDP [M-H [CORR]]-																																																									
b2795	ygdH	conserved protein, UPF0717 family	BOTH	-5.53	-5.08	substrate	463.9850																																																												
b2795	ygdH	conserved protein, UPF0717 family	LYSATE ONLY	4.71	6.01	product	854.5289																																																												
b2856	ygeL	not matched	PURE ONLY	15.73	-0.70	product	50.0043																																																												
b2859	ygeO	not matched	LYSATE ONLY	0.68	5.94	product	773.4007																																																												
b2870	ygeW	predicted carbamoyltransferase	LYSATE ONLY	1.63	6.08	product	448.1051																																																												
b2870	ygeW	predicted carbamoyltransferase	LYSATE ONLY	0.12	6.09	product	450.1077																																																												
b2870	ygeW	predicted carbamoyltransferase	LYSATE ONLY	0.73	5.19	product	477.0886																																																												
b2870	ygeW	predicted carbamoyltransferase	LYSATE ONLY	-0.46	7.14	product	477.2573																																																												
b2870	ygeW	predicted carbamoyltransferase	LYSATE ONLY	1.06	5.65	product	487.0807																																																												
b2870	ygeW	predicted carbamoyltransferase	LYSATE ONLY	-0.06	7.24	product	511.2467																																																												
b2870	ygeW	predicted carbamoyltransferase	LYSATE ONLY	0.30	5.27	product	511.2819																																																												
b2870	ygeW	predicted carbamoyltransferase	LYSATE ONLY	0.29	11.14	product	512.1137																																																												
b2870	ygeW	predicted carbamoyltransferase	LYSATE ONLY	0.26	8.79	product	513.1217	CDP [M-H [CORR]]-																																																											
b2870	ygeW	predicted carbamoyltransferase	LYSATE ONLY	-0.28	8.10	product	514.1253																																																												
b2870	ygeW	predicted carbamoyltransferase	LYSATE ONLY	0.47	9.91	product	515.1157																																																												
b2870	ygeW	predicted carbamoyltransferase	LYSATE ONLY	1.20	6.77	product	537.1329																																																												
b2870	ygeW	predicted carbamoyltransferase	LYSATE ONLY	-0.17	5.96	product	537.1806																																																												
b2870	ygeW	predicted carbamoyltransferase	LYSATE ONLY	1.67	6.64	product	563.1511																																																												
b2870	ygeW	predicted carbamoyltransferase	LYSATE ONLY	-0.99	7.54	product	565.2568																																																												
b2870	ygeW	predicted carbamoyltransferase	LYSATE ONLY	-0.02	7.39	product	569.1659																																																												
b2870	ygeW	predicted carbamoyltransferase	LYSATE ONLY	-1.37	6.23	product	589.1575																																																												
b2870	ygeW	predicted carbamoyltransferase	LYSATE ONLY	-0.29	6.56	product	591.1409																																																												
b2870	ygeW	predicted carbamoyltransferase	LYSATE ONLY	1.63	9.10	product	593.1666																																																												
b2870	ygeW	predicted carbamoyltransferase	LYSATE ONLY	-0.85	5.78	product	593.2631																																																												
b2870	ygeW	predicted carbamoyltransferase	LYSATE ONLY	-1.97	6.93	product	609.2036																																																												
b2870	ygeW	predicted carbamoyltransferase	LYSATE ONLY	1.03	6.86	product	623.2147																																																												
b2912	ygfA	conserved protein, 5-formyltetrahydrofolate cyclo-ligase family	PURE ONLY	5.26	1.11	product	651.2168																																																												
b2912	ygfA	conserved protein, 5-formyltetrahydrofolate cyclo-ligase family	PURE ONLY	5.05	1.65	product	960.4776																																																												
b2886	ygfS	predicted oxidoreductase, 4Fe-4S ferredoxin-type subunit	LYSATE ONLY	0.67	13.53	product	56.9615																																																												
b2896	ygfX	predicted protein	LYSATE ONLY	0.53	12.06	product	197.8881																																																												
b2929	yggD	predicted DNA-binding transcriptional regulator	PURE ONLY	6.17	-0.16	product	114.9932	Fumarate [M-H [CORR]]-	(S)-Malate [M-H [CORR]]-	(R)-Malate [M-H [CORR]]-	3-Dehydro-L-threonate [M-H [CORR]]-																																																								
b2929	yggD	predicted DNA-binding transcriptional regulator	PURE ONLY	8.61	0.34	product	115.0040	Fumarate [M-H]-																																																											
b3003	yghA	predicted oxidoreductase	PURE ONLY	5.85	2.50	product	195.0782																																																												
b2981	yghO	not matched	LYSATE ONLY	2.05	5.80	product	177.9479																																																												
b3054	ygiF	predicted adenylate cyclase	PURE ONLY	5.53	0.66	product	765.6167																																																												
b3043	ygiL	predicted fimbrial-like adhesin protein	LYSATE ONLY	0.24	9.66	product	746.3511																																																												
b3027	ygiZ	inner membrane protein	LYSATE ONLY	-0.45	5.55	product	177.9005																																																												
b3085	ygjP	predicted metal dependent hydrolase	PURE ONLY	6.75	2.63	product	323.0287	UMP [M-H]-	'Pseudouridine 5''-phosphate [M-H]-'	'3''-UMP [M-H]-'																																																									
b3085	ygjP	predicted metal dependent hydrolase	PURE ONLY	6.34	2.30	product	347.0511																																																												
b3086	ygjQ	conserved protein, SanA family, DUF218 superfamily	LYSATE ONLY	-0.82	5.35	product	50.5736																																																												
b3120	yhaB	predicted protein	LYSATE ONLY	-0.94	6.87	product	154.8751																																																												
b3154	yhbP	conserved protein, UPF0306 family	PURE ONLY	12.41	-0.81	product	763.6334																																																												
b3173	yhbX	predicted hydrolase, inner membrane	LYSATE ONLY	-1.10	6.66	product	237.9149																																																												
b3173	yhbX	predicted hydrolase, inner membrane	PURE ONLY	5.23	-0.32	product	824.7196																																																												
b3293	yhdN	conserved protein, DUF1992 family	LYSATE ONLY	-0.43	6.25	product	867.7972																																																												
b3362	yhfG	predicted protein	PURE ONLY	5.05	0.49	product	556.7471																																																												
b3378	yhfU	predicted protein	LYSATE ONLY	-0.33	6.13	product	448.1051																																																												
b3378	yhfU	predicted protein	LYSATE ONLY	1.16	5.13	product	450.1077																																																												
b3378	yhfU	predicted protein	LYSATE ONLY	0.65	6.13	product	512.1137																																																												
b3378	yhfU	predicted protein	LYSATE ONLY	-0.28	5.03	product	513.1217	CDP [M-H [CORR]]-																																																											
b3378	yhfU	predicted protein	LYSATE ONLY	0.37	5.04	product	537.1329																																																												
b3378	yhfU	predicted protein	LYSATE ONLY	0.04	5.75	product	537.1806																																																												
b3378	yhfU	predicted protein	LYSATE ONLY	-0.34	6.42	product	565.2568																																																												
b3378	yhfU	predicted protein	LYSATE ONLY	-0.42	5.57	product	593.1666																																																												
b3380	yhfW	predicted mutase	LYSATE ONLY	0.22	12.59	product	848.6461																																																												
b3434	yhgN	predicted antibiotic transporter	LYSATE ONLY	-0.42	15.22	product	172.0976	4-Aminobutanoate [M-H [CORR]]-	Toluene-4-sulfonate [M+1 M-H [CORR]]-	N,N-Dimethylglycine [M-H [CORR]]-	L-3-Amino-isobutanoate [M-H [CORR]]-																																																								
b3434	yhgN	predicted antibiotic transporter	LYSATE ONLY	0.04	8.04	product	172.1335																																																												
b3434	yhgN	predicted antibiotic transporter	LYSATE ONLY	0.01	9.25	product	190.0546	N-Acetylmethionine [M-H]-	5-Phenyl-1,3-oxazinane-2,4-dione [M-H]-																																																										
b3434	yhgN	predicted antibiotic transporter	LYSATE ONLY	0.03	5.99	product	190.0748	N-Acetylmethionine [M-H [CORR]]-	5-Phenyl-1,3-oxazinane-2,4-dione [M-H [CORR]]-																																																										
b3434	yhgN	predicted antibiotic transporter	LYSATE ONLY	-0.47	10.65	product	206.0603																																																												
b3434	yhgN	predicted antibiotic transporter	LYSATE ONLY	0.39	21.82	product	206.0822	N-Acetyl-L-phenylalanine [M-H]-	N-Acetyl-D-phenylalanine [M-H]-	6-Acetamido-2-oxohexanoate [M+F]-																																																									
b3434	yhgN	predicted antibiotic transporter	LYSATE ONLY	0.06	12.78	product	271.1641																																																												
b3434	yhgN	predicted antibiotic transporter	LYSATE ONLY	1.00	9.12	product	285.1758																																																												
b3434	yhgN	predicted antibiotic transporter	LYSATE ONLY	-1.26	6.37	product	352.1611																																																												
b3441	yhhY	predicted acetyltransferase	LYSATE ONLY	-1.27	-22.70	substrate	148.0435	L-Methionine [M-H]-	D-Methionine [M-H]-	2,3-Dihydroxyindole [M-H]-	2-Formylaminobenzaldehyde [M-H]-	(S)-4-Hydroxymandelonitrile [M-H]-	5,6-Dihydroxyindole [M-H]-																																																						
b3441	yhhY	predicted acetyltransferase	LYSATE ONLY	-0.19	6.36	product	158.0819	5-Acetamidopentanoate [M-H]-																																																											
b3441	yhhY	predicted acetyltransferase	LYSATE ONLY	-0.70	-25.05	substrate	164.0716	L-Phenylalanine [M-H]-	D-Phenylalanine [M-H]-	4-Acetamidobutanoate [M+F]-	6-Amino-2-oxohexanoate [M+F]-	2-Amino-5-oxohexanoate [M+F]-																																																							
b3441	yhhY	predicted acetyltransferase	LYSATE ONLY	0.41	18.08	product	172.0976	4-Aminobutanoate [M-H [CORR]]-	Toluene-4-sulfonate [M+1 M-H [CORR]]-	N,N-Dimethylglycine [M-H [CORR]]-	L-3-Amino-isobutanoate [M-H [CORR]]-																																																								
b3441	yhhY	predicted acetyltransferase	LYSATE ONLY	0.27	10.36	product	172.1335																																																												
b3441	yhhY	predicted acetyltransferase	LYSATE ONLY	0.17	5.13	product	172.1766																																																												
b3441	yhhY	predicted acetyltransferase	LYSATE ONLY	0.14	8.02	product	190.0546	N-Acetylmethionine [M-H]-	5-Phenyl-1,3-oxazinane-2,4-dione [M-H]-																																																										
b3441	yhhY	predicted acetyltransferase	LYSATE ONLY	0.57	5.97	product	190.0748	N-Acetylmethionine [M-H [CORR]]-	5-Phenyl-1,3-oxazinane-2,4-dione [M-H [CORR]]-																																																										
b3441	yhhY	predicted acetyltransferase	LYSATE ONLY	0.13	11.29	product	206.0603																																																												
b3441	yhhY	predicted acetyltransferase	LYSATE ONLY	-0.31	27.57	product	206.0822	N-Acetyl-L-phenylalanine [M-H]-	N-Acetyl-D-phenylalanine [M-H]-	6-Acetamido-2-oxohexanoate [M+F]-																																																									
b3441	yhhY	predicted acetyltransferase	LYSATE ONLY	1.43	13.96	product	271.1641																																																												
b3441	yhhY	predicted acetyltransferase	LYSATE ONLY	-0.27	7.64	product	285.1758																																																												
b3441	yhhY	predicted acetyltransferase	LYSATE ONLY	-0.92	7.31	product	352.1611																																																												
b3441	yhhY	predicted acetyltransferase	PURE ONLY	5.72	0.01	product	722.8584																																																												
b3490	yhiL	not matched	PURE ONLY	5.48	-0.42	product	898.7473																																																												
b3497	yhiQ	predicted SAM-dependent methyltransferase	LYSATE ONLY	-0.51	8.14	product	627.7328																																																												
b3663	yicN	conserved protein	LYSATE ONLY	-0.70	5.00	product	310.1514	L-Histidine [M-H [CORR]]-	L-Phenylalanine [M+1 M-H [CORR]]-	Pyridoxal [M-H [CORR]]-	O-Phospho-L-serine [M-H [CORR]]-	N6-Acetyl-N6-hydroxy-L-lysine [M+F [CORR]]-	Pantetheine [M-H [CORR]]-	N-Acetylneuraminate [M-H [CORR]]-	D-Phenylalanine [M+1 M-H [CORR]]-	3-Methoxyanthranilate [M-H [CORR]]-	Dihydroechinofuran [M+F [CORR]]-	N-Formyl-4-amino-5-aminomethyl-2-methylpyrimidine [M-H [CORR]]-	Isopyridoxal [M-H [CORR]]-	alpha-Ribazole [M-H [CORR]]-	L-Glutamate [M+F [CORR]]-	D-Glutamate [M+F [CORR]]-	DL-Glutamate [M+F [CORR]]-	O-Acetyl-L-serine [M+F [CORR]]-	L-threo-3-Methylaspartate [M+F [CORR]]-	L-4-Hydroxyglutamate semialdehyde [M+F [CORR]]-	2-Oxo-4-hydroxy-5-aminovalerate [M+F [CORR]]-																																								
b3663	yicN	conserved protein	LYSATE ONLY	0.11	-5.95	substrate	377.0870																																																												
b3663	yicN	conserved protein	LYSATE ONLY	0.20	-5.55	substrate	378.0912																																																												
b3663	yicN	conserved protein	LYSATE ONLY	-0.05	-5.69	substrate	379.0851																																																												
b3663	yicN	conserved protein	LYSATE ONLY	-0.93	5.08	product	458.1884																																																												
b3663	yicN	conserved protein	LYSATE ONLY	-0.42	5.18	product	472.2040	4-Aminobutanoate [M-H [CORR]]-	L-Aspartate [M-H [CORR]]-	L-Histidine [M-H [CORR]]-	L-Phenylalanine [M+1 M-H [CORR]]-	L-Arginine [M-H [CORR]]-	O-Phospho-L-serine [M-H [CORR]]-	Uridine [M-H [CORR]]-	2,4-Bis(acetamido)-2,4,6-trideoxy-beta-L-altropyranose [M-H [CORR]]-	Pyridoxal phosphate [M-H [CORR]]-	N-Acetylneuraminate [M-H [CORR]]-	N,N-Dimethylglycine [M-H [CORR]]-	D-Aspartate [M-H [CORR]]-	D-Phenylalanine [M+1 M-H [CORR]]-	Pseudouridine [M-H [CORR]]-	-7-Isomethyljasmonate [M.H/Na-H [CORR]]-	L-Glutamyl 5-phosphate [M+F [CORR]]-	L-3-Amino-isobutanoate [M-H [CORR]]-	N-Formyl-4-amino-5-aminomethyl-2-methylpyrimidine [M-H [CORR]]-	Piceatannol [M-H [CORR]]-	Trinitrotoluene [M+F [CORR]]-																																								
b3663	yicN	conserved protein	LYSATE ONLY	0.32	-7.13	substrate	955.9710																																																												
b3663	yicN	conserved protein	LYSATE ONLY	0.43	-5.33	substrate	956.9722	3-(3,4-Dihydroxyphenyl)pyruvate [M+F [CORR]]-																																																											
b3663	yicN	conserved protein	LYSATE ONLY	0.13	-6.08	substrate	957.9696																																																												
b3664	yicO	Probable adenine permease	LYSATE ONLY	0.09	10.14	product	101.9902																																																												
b3664	yicO	Probable adenine permease	LYSATE ONLY	0.59	11.12	product	778.7058																																																												
b3664	yicO	Probable adenine permease	LYSATE ONLY	0.30	9.81	product	833.3128																																																												
b3688	yidQ	conserved outer membrane protein	LYSATE ONLY	-0.09	-5.15	substrate	955.9710																																																												
b3689	yidR	conserved protein	LYSATE ONLY	-0.14	5.45	product	475.0649																																																												
b3689	yidR	conserved protein	LYSATE ONLY	-0.77	5.65	product	477.0886																																																												
b3689	yidR	conserved protein	LYSATE ONLY	-0.34	6.21	product	477.2573																																																												
b3689	yidR	conserved protein	LYSATE ONLY	0.29	5.31	product	511.2467																																																												
b3689	yidR	conserved protein	LYSATE ONLY	-0.29	5.72	product	511.2819																																																												
b3689	yidR	conserved protein	LYSATE ONLY	0.13	7.32	product	512.1137																																																												
b3689	yidR	conserved protein	LYSATE ONLY	1.32	6.47	product	513.1217	CDP [M-H [CORR]]-																																																											
b3689	yidR	conserved protein	LYSATE ONLY	-0.23	5.69	product	514.1253																																																												
b3689	yidR	conserved protein	LYSATE ONLY	0.02	7.97	product	515.1157																																																												
b3689	yidR	conserved protein	LYSATE ONLY	0.66	6.96	product	563.1511																																																												
b3689	yidR	conserved protein	LYSATE ONLY	-0.10	5.88	product	565.2568																																																												
b3689	yidR	conserved protein	LYSATE ONLY	0.09	7.31	product	569.1659																																																												
b3689	yidR	conserved protein	LYSATE ONLY	-0.07	5.30	product	589.1575																																																												
b3689	yidR	conserved protein	LYSATE ONLY	0.66	5.53	product	591.1409																																																												
b3689	yidR	conserved protein	LYSATE ONLY	0.11	8.59	product	593.1666																																																												
b3689	yidR	conserved protein	LYSATE ONLY	0.20	5.64	product	609.2036																																																												
b3689	yidR	conserved protein	LYSATE ONLY	-0.74	5.27	product	623.2147																																																												
b3718	yieK	predicted 6-phosphogluconolactonase	LYSATE ONLY	-0.16	6.02	product	157.9392																																																												
b3827	yigM	predicted inner membrane protein	PURE ONLY	-8.87	-1.54	substrate	333.0953	'5''-Methylthioadenosine [M-H [CORR]]-'	'5,5''-Dehydrodivanillate [M-H [CORR]]-'	ADP [M-H [CORR]]-	ITP [M-H [CORR]]-	ATP [M.H/Na-H [CORR]]-	2,5-Diaminopyrimidine nucleoside triphosphate [M.H/K-H [CORR]]-	Geranyl diphosphate [M+F [CORR]]-	'Adenosine 3'',5''-bisphosphate [M-H [CORR]]-'	dGTP [M.H/Na-H [CORR]]-	'2,5-Diamino-6-(5''-triphosphoryl-3'',4''-trihydroxy-2''-oxopentyl)-amino-4-oxopyrimidine [M.H/K-H [CORR]]-'	dGDP [M-H [CORR]]-																																																	
b3834	yigP	conserved protein, SCP2 family	LYSATE ONLY	0.17	8.80	product	515.8933																																																												
b3858	yihD	DUF1040 protein YihD	LYSATE ONLY	-0.33	5.52	product	179.9462																																																												
b3910	yiiM	6-N-hydroxylaminopurine resistance protein	LYSATE ONLY	-0.12	5.60	product	593.1666																																																												
b4011	yjaA	conserved stress-induced protein	PURE ONLY	5.72	-0.17	product	101.9902																																																												
b4011	yjaA	conserved stress-induced protein	LYSATE ONLY	0.78	7.40	product	642.7622																																																												
b4012	yjaB	predicted acetyltransferase	LYSATE ONLY	1.02	5.37	product	330.8253																																																												
b3999	yjaG	conserved protein	PURE ONLY	8.21	0.03	product	129.4137																																																												
b4027	yjbF	predicted lipoprotein	PURE ONLY	5.86	1.13	product	430.7807																																																												
b4038	yjbI	not matched	LYSATE ONLY	-1.23	5.95	product	441.0038																																																												
b4057	yjbR	conserved protein	PURE ONLY	22.40	-0.93	product	221.9080																																																												
b4066	yjcF	pentapeptide repeat protein	LYSATE ONLY	0.33	5.20	product	441.0038																																																												
b4083	yjcS	conserved protein, metallo-beta-lactamase superfamily	LYSATE ONLY	0.55	5.64	product	132.9968	(S)-Malate [M-H [CORR]]-	(R)-Malate [M-H [CORR]]-	3-Dehydro-L-threonate [M-H [CORR]]-																																																									
b4128	yjdK	predicted protein	LYSATE ONLY	0.09	5.91	product	974.7749																																																												
b4167	yjeF	predicted carbohydrate kinase	PURE ONLY	-5.29	-4.69	substrate	380.5473																																																												
b4167	yjeF	predicted carbohydrate kinase	PURE ONLY	6.59	-0.37	product	675.3857																																																												
b4157	yjeN	predicted protein	PURE ONLY	6.69	-0.39	product	704.3799																																																												
b4157	yjeN	predicted protein	PURE ONLY	5.37	-0.02	product	853.3244																																																												
b4159	yjeP	predicted mechanosensitive channel	PURE ONLY	8.34	0.20	product	895.6970																																																												
b4176	yjeT	conserved protein, DUF2065 family	PURE ONLY	5.46	0.07	product	121.9567																																																												
b4182	yjfJ	conserved protein, PspA/IM30 family	PURE ONLY	7.85	0.14	product	515.7836																																																												
b4184	yjfL	inner membrane protein, UPF0719 family	LYSATE ONLY	-0.85	10.06	product	895.6970																																																												
b4190	yjfP	acyl CoA esterase actviity in vitro	PURE ONLY	-6.95	-0.90	substrate	348.0881	S-(Formylmethyl)glutathione [M-H]-																																																											
b4204	yjfZ	predicted protein	LYSATE ONLY	1.02	10.81	product	517.8258																																																												
b4256	yjgM	predicted acetyltransferase	LYSATE ONLY	-0.76	10.86	product	172.0976	4-Aminobutanoate [M-H [CORR]]-	Toluene-4-sulfonate [M+1 M-H [CORR]]-	N,N-Dimethylglycine [M-H [CORR]]-	L-3-Amino-isobutanoate [M-H [CORR]]-																																																								
b4256	yjgM	predicted acetyltransferase	LYSATE ONLY	-0.04	6.08	product	172.1335																																																												
b4308	yjhR	not matched	LYSATE ONLY	-0.87	8.30	product	646.5419																																																												
b4378	yjjV	predicted DNase	PURE ONLY	6.39	0.33	product	118.2649																																																												
b0258	ykfC	not matched	PURE ONLY	6.46	0.06	product	119.9259																																																												
b0258	ykfC	not matched	LYSATE ONLY	0.58	18.78	product	833.3128																																																												
b0249	ykfF	CP4-6 prophage; predicted protein	LYSATE ONLY	-0.36	9.26	product	670.6622																																																												
b0235	ykfJ	not matched	LYSATE ONLY	-1.31	7.59	product	128.9338																																																												
b0392	ykiA	not matched	PURE ONLY	8.05	-0.45	product	841.2590																																																												
b0520	ylbF	conserved protein	LYSATE ONLY	-0.63	6.00	product	75.3276																																																												
b0520	ylbF	conserved protein	LYSATE ONLY	-0.58	5.46	product	410.0760																																																												
b0520	ylbF	conserved protein	LYSATE ONLY	-0.08	8.41	product	707.2778																																																												
b0833	yliE	predicted cyclic-di-GMP phosphodiesterase, inner membrane protein	LYSATE ONLY	-0.34	14.32	product	402.4961																																																												
b0833	yliE	predicted cyclic-di-GMP phosphodiesterase, inner membrane protein	PURE ONLY	6.31	0.29	product	696.8370																																																												
b0837	yliI	soluble aldose sugar dehydrogenase	PURE ONLY	7.19	-0.13	product	811.2989																																																												
b0952	ymbA	conserved protein	LYSATE ONLY	0.50	13.24	product	670.6622																																																												
b1122	ymfA	conserved inner membrane protein	PURE ONLY	7.21	0.68	product	199.9266																																																												
b1122	ymfA	conserved inner membrane protein	PURE ONLY	17.72	-0.23	product	670.6622																																																												
b1137	ymfD	e14 prophage; predicted SAM-dependent methyltransferase	LYSATE ONLY	0.22	5.15	product	912.7758																																																												
b1143	ymfI	e14 prophage; predicted protein	PURE ONLY	6.64	0.18	product	941.7848																																																												
b1149	ymfN	not matched	LYSATE ONLY	-0.29	12.23	product	707.2778																																																												
b1152	ymfP	not matched	LYSATE ONLY	-0.83	5.68	product	648.3381																																																												
b1150	ymfR	e14 prophage; predicted protein	LYSATE ONLY	-0.08	7.39	product	197.8881																																																												
b1172	ymgG	conserved protein, UPF0757 family	PURE ONLY	7.17	0.06	product	840.6947																																																												
b4521	ymgH	not matched	LYSATE ONLY	1.12	5.65	product	498.7814																																																												
b1368	ynaA	not matched	LYSATE ONLY	0.04	5.18	product	127.9759																																																												
b1409	ynbB	predicted CDP-diglyceride synthase	LYSATE ONLY	-0.16	5.46	product	221.9080																																																												
b1448	yncA	predicted acyltransferase with acyl-CoA N-acyltransferase domain	BOTH	11.93	7.11	product	142.0505																																																												
b1448	yncA	predicted acyltransferase with acyl-CoA N-acyltransferase domain	BOTH	-17.08	-19.71	substrate	150.0537	L-Pipecolate [M.H/Na-H]-	N4-Acetylaminobutanal [M.H/Na-H]-																																																										
b1448	yncA	predicted acyltransferase with acyl-CoA N-acyltransferase domain	PURE ONLY	11.52	3.44	product	190.0187																																																												
b1448	yncA	predicted acyltransferase with acyl-CoA N-acyltransferase domain	BOTH	37.41	33.41	product	190.0546	N-Acetylmethionine [M-H]-	5-Phenyl-1,3-oxazinane-2,4-dione [M-H]-																																																										
b1448	yncA	predicted acyltransferase with acyl-CoA N-acyltransferase domain	BOTH	34.65	29.18	product	190.0748	N-Acetylmethionine [M-H [CORR]]-	5-Phenyl-1,3-oxazinane-2,4-dione [M-H [CORR]]-																																																										
b1448	yncA	predicted acyltransferase with acyl-CoA N-acyltransferase domain	BOTH	15.54	11.61	product	190.1459																																																												
b1448	yncA	predicted acyltransferase with acyl-CoA N-acyltransferase domain	BOTH	9.82	8.34	product	191.0526	Quinate [M-H]-																																																											
b1448	yncA	predicted acyltransferase with acyl-CoA N-acyltransferase domain	BOTH	8.55	5.74	product	192.0651	Phenylacetylglycine [M-H]-	3-Carbamoyl-2-phenylpropionaldehyde [M-H]-	4-Hydroxy-5-phenyltetrahydro-1,3-oxazin-2-one [M-H]-	N-Acetyl-L-glutamate 5-semialdehyde [M+F]-																																																								
b1448	yncA	predicted acyltransferase with acyl-CoA N-acyltransferase domain	PURE ONLY	9.66	3.94	product	370.1341																																																												
b1448	yncA	predicted acyltransferase with acyl-CoA N-acyltransferase domain	PURE ONLY	-10.01	0.02	substrate	403.5563	'5''-Methylthioadenosine [M-H [CORR]]-'	'5,5''-Dehydrodivanillate [M-H [CORR]]-'	ADP [M-H [CORR]]-	ATP [M-H [CORR]]-	ITP [M-H [CORR]]-	2,5-Diaminopyrimidine nucleoside triphosphate [M.H/K-H [CORR]]-	Acetyl-CoA [M-H [CORR]]-	Geranyl diphosphate [M+F [CORR]]-	'Adenosine 3'',5''-bisphosphate [M-H [CORR]]-'	dGTP [M-H [CORR]]-	'2,5-Diamino-6-(5''-triphosphoryl-3'',4''-trihydroxy-2''-oxopentyl)-amino-4-oxopyrimidine [M.H/K-H [CORR]]-'	dGDP [M-H [CORR]]-																																																
b1448	yncA	predicted acyltransferase with acyl-CoA N-acyltransferase domain	PURE ONLY	-6.39	-0.04	substrate	404.5561																																																												
b1448	yncA	predicted acyltransferase with acyl-CoA N-acyltransferase domain	PURE ONLY	-9.14	0.00	substrate	414.5477	'5,5''-Dehydrodivanillate [M-H [CORR]]-'	ADP [M-H [CORR]]-	ATP [M-H [CORR]]-	ITP [M-H [CORR]]-	2,5-Diaminopyrimidine nucleoside triphosphate [M.H/K-H [CORR]]-	Acetyl-CoA [M-H [CORR]]-	Geranyl diphosphate [M+F [CORR]]-	'Adenosine 3'',5''-bisphosphate [M-H [CORR]]-'	dGTP [M-H [CORR]]-	'2,5-Diamino-6-(5''-triphosphoryl-3'',4''-trihydroxy-2''-oxopentyl)-amino-4-oxopyrimidine [M.H/K-H [CORR]]-'	dGDP [M-H [CORR]]-																																																	
b1448	yncA	predicted acyltransferase with acyl-CoA N-acyltransferase domain	PURE ONLY	5.39	0.12	product	535.0875																																																												
b1448	yncA	predicted acyltransferase with acyl-CoA N-acyltransferase domain	PURE ONLY	-6.15	0.33	substrate	808.1166	Acetyl-CoA [M-H]-																																																											
b1448	yncA	predicted acyltransferase with acyl-CoA N-acyltransferase domain	PURE ONLY	-5.65	-0.12	substrate	830.1017	Acetyl-CoA [M.H/Na-H]-																																																											
b1455	yncH	conserved protein	PURE ONLY	6.84	-0.60	product	782.8376																																																												
b1586	ynfD	predicted protein	LYSATE ONLY	-0.35	9.51	product	101.9902																																																												
b1726	yniB	predicted inner membrane protein	LYSATE ONLY	0.73	8.00	product	756.2798																																																												
b1727	yniC	2-deoxyglucose-6-P phosphatase	LYSATE ONLY	-0.85	10.43	product	154.8751																																																												
b1727	yniC	2-deoxyglucose-6-P phosphatase	BOTH	21.95	21.94	product	181.0704	Mannitol [M-H]-	D-Sorbitol [M-H]-	Galactitol [M-H]-	L-Tyrosine [M+1 M-H]-	3-Amino-3-(4-hydroxyphenyl)propanoate [M+1 M-H]-	N-Hydroxy-L-phenylalanine [M+1 M-H]-																																																						
b1727	yniC	2-deoxyglucose-6-P phosphatase	BOTH	16.11	13.11	product	181.0941																																																												
b1727	yniC	2-deoxyglucose-6-P phosphatase	LYSATE ONLY	2.37	5.74	product	217.0522	2-Hydroxy-6-oxo-6-phenylhexa-2,4-dienoate [M-H]-	'2,2'',3-Trihydroxydiphenylether [M-H]-'	3-(3,4-Dihydroxyphenyl)lactate [M+F]-	3-Methoxy-4-hydroxymandelate [M+F]-																																																								
b1727	yniC	2-deoxyglucose-6-P phosphatase	BOTH	8.41	9.13	product	219.0411																																																												
b1727	yniC	2-deoxyglucose-6-P phosphatase	BOTH	19.38	14.85	product	271.0965	Deoxyshikonin [M-H]-																																																											
b1727	yniC	2-deoxyglucose-6-P phosphatase	PURE ONLY	7.32	3.94	product	271.1641																																																												
b1753	ynjA	conserved protein	LYSATE ONLY	-0.01	6.40	product	281.2491	Hexadecanoic acid [M-H [CORR]]-																																																											
b1753	ynjA	conserved protein	LYSATE ONLY	0.14	6.38	product	448.1051																																																												
b1753	ynjA	conserved protein	LYSATE ONLY	-0.33	5.05	product	483.1328																																																												
b1753	ynjA	conserved protein	LYSATE ONLY	-0.39	5.36	product	487.0807																																																												
b1753	ynjA	conserved protein	LYSATE ONLY	1.90	5.62	product	511.2467																																																												
b1753	ynjA	conserved protein	LYSATE ONLY	-0.53	6.87	product	512.1137																																																												
b1753	ynjA	conserved protein	LYSATE ONLY	0.25	6.54	product	513.1217	CDP [M-H [CORR]]-																																																											
b1753	ynjA	conserved protein	LYSATE ONLY	0.98	7.56	product	514.1253																																																												
b1753	ynjA	conserved protein	LYSATE ONLY	-0.34	6.71	product	515.1157																																																												
b1753	ynjA	conserved protein	LYSATE ONLY	1.77	7.04	product	537.1329																																																												
b1753	ynjA	conserved protein	LYSATE ONLY	0.90	8.21	product	537.1806																																																												
b1753	ynjA	conserved protein	LYSATE ONLY	-0.12	5.38	product	565.2568																																																												
b1753	ynjA	conserved protein	LYSATE ONLY	0.20	6.02	product	569.1659																																																												
b1753	ynjA	conserved protein	LYSATE ONLY	0.12	6.42	product	591.1409																																																												
b1753	ynjA	conserved protein	LYSATE ONLY	0.22	7.35	product	593.1666																																																												
b1753	ynjA	conserved protein	LYSATE ONLY	0.37	5.64	product	609.2036																																																												
b1753	ynjA	conserved protein	LYSATE ONLY	-0.04	5.20	product	623.2147																																																												
b1753	ynjA	conserved protein	LYSATE ONLY	0.09	8.91	product	716.5204																																																												
b1753	ynjA	conserved protein	LYSATE ONLY	-0.40	5.96	product	742.5388																																																												
b1808	yoaA	conserved protein with nucleoside triphosphate hydrolase domain	LYSATE ONLY	-1.03	5.16	product	133.0138	(S)-Malate [M-H]-	(R)-Malate [M-H]-	3-Dehydro-L-threonate [M-H]-																																																									
b1809	yoaB	conserved protein, UPF0076 famiily	PURE ONLY	5.20	2.32	product	367.0127	'Orotidine 5''-phosphate [M-H]-'																																																											
b1809	yoaB	conserved protein, UPF0076 famiily	LYSATE ONLY	-0.19	7.13	product	704.3799																																																												
b1810	yoaC	conserved protein, DUF1889 family	PURE ONLY	5.49	-0.84	product	199.9266																																																												
b1810	yoaC	conserved protein, DUF1889 family	LYSATE ONLY	-0.48	16.61	product	215.9045																																																												
b1796	yoaG	predicted protein	PURE ONLY	6.28	-0.54	product	291.1982	12-OPDA [M-H]-	9,10-EOT [M-H]-	10-OPDA [M-H]-																																																									
b1811	yoaH	conserved protein	PURE ONLY	6.57	2.48	product	453.0472	CDP [M-H [CORR]]-																																																											
b1811	yoaH	conserved protein	PURE ONLY	5.46	2.67	product	495.0615	'Orotidine 5''-phosphate [M-H [CORR]]-'	dCDP [M+F [CORR]]-																																																										
b1841	yobA	conserved protein	LYSATE ONLY	-0.75	6.15	product	868.2827																																																												
b1843	yobB	conserved protein	LYSATE ONLY	-0.32	11.83	product	108.8771																																																												
b1824	yobF	predicted protein	LYSATE ONLY	-1.23	6.37	product	55.0485																																																												
b1824	yobF	predicted protein	LYSATE ONLY	0.04	8.25	product	124.9332																																																												
b2141	yohJ	inner membrane protein, UPF0299 family	LYSATE ONLY	0.32	5.20	product	981.6513	3-(3,4-Dihydroxyphenyl)pyruvate [M+F [CORR]]-																																																											
b2107	yohN	periplasmic modulator of Ni and Co efflux	LYSATE ONLY	-0.41	17.08	product	456.7882																																																												
b2380	ypdA	predicted sensory kinase in two-component system with YpdB	LYSATE ONLY	0.59	7.75	product	157.9392																																																												
b2473	ypfH	predicted hydrolase	LYSATE ONLY	-0.46	13.25	product	62.3649																																																												
b2650	ypjC	not matched	PURE ONLY	12.39	0.57	product	199.9266																																																												
b4548	ypjJ	predicted protein	LYSATE ONLY	-0.12	12.12	product	62.3649																																																												
b4548	ypjJ	predicted protein	LYSATE ONLY	0.27	12.49	product	119.9259																																																												
b2666	yqaE	regulated by cyaR sRNA, UPF0057 family; predicted membrane protein	PURE ONLY	22.29	0.57	product	746.3511																																																												
b2875	yqeB	conserved protein with NAD(P)-binding Rossman fold	LYSATE ONLY	-0.62	-7.06	substrate	240.0525	L-Histidinol phosphate [M+F]-																																																											
b2844	yqeF	predicted acyltransferase	LYSATE ONLY	0.22	5.64	product	448.1051																																																												
b2844	yqeF	predicted acyltransferase	LYSATE ONLY	0.25	6.29	product	450.1077																																																												
b2844	yqeF	predicted acyltransferase	LYSATE ONLY	-0.61	5.16	product	483.1328																																																												
b2844	yqeF	predicted acyltransferase	LYSATE ONLY	-0.05	6.13	product	537.1329																																																												
b2844	yqeF	predicted acyltransferase	LYSATE ONLY	0.34	5.98	product	537.1806																																																												
b2848	yqeJ	predicted protein	LYSATE ONLY	1.72	5.69	product	215.9045																																																												
b2849	yqeK	predicted protein	PURE ONLY	18.27	0.51	product	765.6167																																																												
b2899	yqfA	inner membrane protein, hemolysin III family HylIII	LYSATE ONLY	-0.86	5.14	product	108.9921	Oxalate [M+F]-																																																											
b2966	yqgA	predicted inner membrane protein, DUF554 family	LYSATE ONLY	-0.16	5.94	product	660.2351																																																												
b2939	yqgB	predicted protein	PURE ONLY	5.62	-0.41	product	314.9854																																																												
b3002	yqhA	predicted inner membrane protein, UPF0114 family	LYSATE ONLY	0.15	5.38	product	269.0298	Pyridoxamine phosphate [M.H/Na-H]-																																																											
b3046	yqiG	not matched	LYSATE ONLY	-0.42	7.33	product	101.9902																																																												
b3097	yqjC	conserved protein	LYSATE ONLY	0.59	5.10	product	121.9567																																																												
b3102	yqjG	predicted S-transferase	PURE ONLY	5.82	-0.01	product	851.2920																																																												
b3145	yraK	predicted fimbrial-like adhesin protein	LYSATE ONLY	0.92	11.78	product	874.6848																																																												
b3280	yrdB	conserved protein	PURE ONLY	9.46	0.56	product	364.0190	CDP [M-H [CORR]]-																																																											
b3280	yrdB	conserved protein	PURE ONLY	7.16	0.63	product	367.0127	'Orotidine 5''-phosphate [M-H]-'																																																											
b3280	yrdB	conserved protein	PURE ONLY	7.38	1.10	product	405.0778																																																												
b3280	yrdB	conserved protein	PURE ONLY	8.28	1.08	product	406.0255	dCDP [M+F]-																																																											
b3280	yrdB	conserved protein	PURE ONLY	6.71	0.62	product	453.0472	CDP [M-H [CORR]]-																																																											
b3280	yrdB	conserved protein	PURE ONLY	5.05	0.91	product	455.0496	CDP [M-H [CORR]]-																																																											
b3280	yrdB	conserved protein	PURE ONLY	8.85	0.64	product	495.0615	'Orotidine 5''-phosphate [M-H [CORR]]-'	dCDP [M+F [CORR]]-																																																										
b3830	ysgA	predicted hydrolase	LYSATE ONLY	0.13	5.10	product	179.0559	D-Glucose [M-H]-	D-Fructose [M-H]-	D-Galactose [M-H]-	myo-Inositol [M-H]-	D-Mannose [M-H]-	beta-D-Glucose [M-H]-	L-Sorbose [M-H]-	alpha-D-Glucose [M-H]-	D-Tagatose [M-H]-	Sorbose [M-H]-	D-Allose [M-H]-	D-Fuconate [M-H]-	L-Galactose [M-H]-	L-Rhamnonate [M-H]-	beta-D-Fructose [M-H]-	scyllo-Inositol [M-H]-	L-Gulose [M-H]-	D-chiro-Inositol [M-H]-	Hippurate [M+1 M-H]-	Cyclohexylsulfamate [M+1 M-H]-																																								
b3830	ysgA	predicted hydrolase	LYSATE ONLY	0.05	-5.91	substrate	215.0337	3-(3,4-Dihydroxyphenyl)pyruvate [M+F]-																																																											
b3830	ysgA	predicted hydrolase	LYSATE ONLY	0.41	5.51	product	310.1514	L-Histidine [M-H [CORR]]-	L-Phenylalanine [M+1 M-H [CORR]]-	Pyridoxal [M-H [CORR]]-	O-Phospho-L-serine [M-H [CORR]]-	N6-Acetyl-N6-hydroxy-L-lysine [M+F [CORR]]-	Pantetheine [M-H [CORR]]-	N-Acetylneuraminate [M-H [CORR]]-	D-Phenylalanine [M+1 M-H [CORR]]-	3-Methoxyanthranilate [M-H [CORR]]-	Dihydroechinofuran [M+F [CORR]]-	N-Formyl-4-amino-5-aminomethyl-2-methylpyrimidine [M-H [CORR]]-	Isopyridoxal [M-H [CORR]]-	alpha-Ribazole [M-H [CORR]]-	L-Glutamate [M+F [CORR]]-	D-Glutamate [M+F [CORR]]-	DL-Glutamate [M+F [CORR]]-	O-Acetyl-L-serine [M+F [CORR]]-	L-threo-3-Methylaspartate [M+F [CORR]]-	L-4-Hydroxyglutamate semialdehyde [M+F [CORR]]-	2-Oxo-4-hydroxy-5-aminovalerate [M+F [CORR]]-																																								
b3830	ysgA	predicted hydrolase	LYSATE ONLY	0.00	-6.81	substrate	377.0870																																																												
b3830	ysgA	predicted hydrolase	LYSATE ONLY	0.11	-6.27	substrate	378.0912																																																												
b3830	ysgA	predicted hydrolase	LYSATE ONLY	-0.30	-6.91	substrate	379.0851																																																												
b3830	ysgA	predicted hydrolase	LYSATE ONLY	0.37	5.56	product	430.1558	Uridine [M-H [CORR]]-	Pseudouridine [M-H [CORR]]-	Piceatannol [M-H [CORR]]-																																																									
b3830	ysgA	predicted hydrolase	LYSATE ONLY	0.09	5.63	product	472.2040	4-Aminobutanoate [M-H [CORR]]-	L-Aspartate [M-H [CORR]]-	L-Histidine [M-H [CORR]]-	L-Phenylalanine [M+1 M-H [CORR]]-	L-Arginine [M-H [CORR]]-	O-Phospho-L-serine [M-H [CORR]]-	Uridine [M-H [CORR]]-	2,4-Bis(acetamido)-2,4,6-trideoxy-beta-L-altropyranose [M-H [CORR]]-	Pyridoxal phosphate [M-H [CORR]]-	N-Acetylneuraminate [M-H [CORR]]-	N,N-Dimethylglycine [M-H [CORR]]-	D-Aspartate [M-H [CORR]]-	D-Phenylalanine [M+1 M-H [CORR]]-	Pseudouridine [M-H [CORR]]-	-7-Isomethyljasmonate [M.H/Na-H [CORR]]-	L-Glutamyl 5-phosphate [M+F [CORR]]-	L-3-Amino-isobutanoate [M-H [CORR]]-	N-Formyl-4-amino-5-aminomethyl-2-methylpyrimidine [M-H [CORR]]-	Piceatannol [M-H [CORR]]-	Trinitrotoluene [M+F [CORR]]-																																								
b3830	ysgA	predicted hydrolase	LYSATE ONLY	0.00	5.59	product	488.1643	Succinate [M-H [CORR]]-	Citrate [M-H [CORR]]-	Pantothenate [M-H [CORR]]-	2,4-Bis(acetamido)-2,4,6-trideoxy-beta-L-altropyranose [M-H [CORR]]-	N-Acetylneuraminate [M-H [CORR]]-	Methylmalonate [M-H [CORR]]-	Isocitrate [M-H [CORR]]-	-7-Isomethyljasmonate [M.H/Na-H [CORR]]-	5-Dehydro-4-deoxy-D-glucarate [M-H [CORR]]-	2-Dehydro-3-deoxy-D-glucarate [M-H [CORR]]-	(4R,5S)-4,5,6-Trihydroxy-2,3-dioxohexanoate [M-H [CORR]]-	Toluene-4-sulfonate [M+F [CORR]]-																																																
b3830	ysgA	predicted hydrolase	LYSATE ONLY	-0.11	5.96	product	506.1884	O-Phospho-L-serine [M-H [CORR]]-	2,4-Bis(acetamido)-2,4,6-trideoxy-beta-L-altropyranose [M-H [CORR]]-	N-Acetylneuraminate [M-H [CORR]]-	-7-Isomethyljasmonate [M.H/Na-H [CORR]]-																																																								
b3830	ysgA	predicted hydrolase	LYSATE ONLY	-0.04	5.25	product	575.0165	L-Glutamate [M-H [CORR]]-	D-Alanyl-D-alanine [M-H [CORR]]-	Sucrose [M-H [CORR]]-	D-Glutamate [M-H [CORR]]-	N-gamma-Acetyldiaminobutyrate [M-H [CORR]]-	Cellobiose [M-H [CORR]]-	DL-Glutamate [M-H [CORR]]-	N-alpha-Acetyl-L-2,4-diaminobutyrate [M-H [CORR]]-	Maltose [M-H [CORR]]-	O-Acetyl-L-serine [M-H [CORR]]-	Lactose [M-H [CORR]]-	L-threo-3-Methylaspartate [M-H [CORR]]-	Isomaltose [M-H [CORR]]-	L-4-Hydroxyglutamate semialdehyde [M-H [CORR]]-	alpha,alpha-Trehalose [M-H [CORR]]-	2-Oxo-4-hydroxy-5-aminovalerate [M-H [CORR]]-	alpha-D-Galactosyl-(1->3)-1D-myo-inositol [M-H [CORR]]-	Epimelibiose [M-H [CORR]]-	Melibiose [M-H [CORR]]-																																									
b3830	ysgA	predicted hydrolase	LYSATE ONLY	-0.01	-8.04	substrate	955.9710																																																												
b3830	ysgA	predicted hydrolase	LYSATE ONLY	-0.31	-5.97	substrate	956.9722	3-(3,4-Dihydroxyphenyl)pyruvate [M+F [CORR]]-																																																											
b3830	ysgA	predicted hydrolase	LYSATE ONLY	-0.02	-7.02	substrate	957.9696																																																												
