Gene	Module	kME
b0002	UNCLASSIFIED	NA
b0003	UNCLASSIFIED	NA
b0004	UNCLASSIFIED	NA
b0005	UNCLASSIFIED	NA
b0006	UNCLASSIFIED	NA
b0007	P1_I7_M2	0.84
b0008	UNCLASSIFIED	NA
b0009	UNCLASSIFIED	NA
b0010	UNCLASSIFIED	NA
b0011	UNCLASSIFIED	NA
b0014	UNCLASSIFIED	NA
b0015	UNCLASSIFIED	NA
b0016	UNCLASSIFIED	NA
b0018	UNCLASSIFIED	NA
b0019	UNCLASSIFIED	NA
b0020	UNCLASSIFIED	NA
b0021	UNCLASSIFIED	NA
b0022	P1_I7_M3	0.85
b0023	P5_I3_M2	0.95
b0025	UNCLASSIFIED	NA
b0026	UNCLASSIFIED	NA
b0027	UNCLASSIFIED	NA
b0028	UNCLASSIFIED	NA
b0029	UNCLASSIFIED	NA
b0030	P1_I7_M5	0.9
b0031	UNCLASSIFIED	NA
b0032	P2_I5_M10	0.84
b0033	P2_I5_M10	0.82
b0034	UNCLASSIFIED	NA
b0036	UNCLASSIFIED	NA
b0037	UNCLASSIFIED	NA
b0038	UNCLASSIFIED	NA
b0039	UNCLASSIFIED	NA
b0040	UNCLASSIFIED	NA
b0041	UNCLASSIFIED	NA
b0042	UNCLASSIFIED	NA
b0043	UNCLASSIFIED	NA
b0045	UNCLASSIFIED	NA
b0046	UNCLASSIFIED	NA
b0047	P3_I4_M1	0.81
b0048	UNCLASSIFIED	NA
b0049	P3_I4_M1	0.83
b0050	UNCLASSIFIED	NA
b0051	P3_I4_M7	0.88
b0052	P3_I4_M7	0.92
b0053	UNCLASSIFIED	NA
b0054	UNCLASSIFIED	NA
b0055	UNCLASSIFIED	NA
b0058	UNCLASSIFIED	NA
b0059	UNCLASSIFIED	NA
b0060	P1_I7_M1	0.86
b0061	UNCLASSIFIED	NA
b0062	UNCLASSIFIED	NA
b0063	UNCLASSIFIED	NA
b0064	P4_I3_M4	0.84
b0065	UNCLASSIFIED	NA
b0066	UNCLASSIFIED	NA
b0067	UNCLASSIFIED	NA
b0068	UNCLASSIFIED	NA
b0069	UNCLASSIFIED	NA
b0070	UNCLASSIFIED	NA
b0071	UNCLASSIFIED	NA
b0072	UNCLASSIFIED	NA
b0073	UNCLASSIFIED	NA
b0074	UNCLASSIFIED	NA
b0076	UNCLASSIFIED	NA
b0077	P2_I5_M20	0.95
b0078	P2_I5_M20	0.89
b0080	UNCLASSIFIED	NA
b0081	UNCLASSIFIED	NA
b0082	UNCLASSIFIED	NA
b0083	UNCLASSIFIED	NA
b0084	UNCLASSIFIED	NA
b0085	UNCLASSIFIED	NA
b0086	UNCLASSIFIED	NA
b0087	UNCLASSIFIED	NA
b0088	UNCLASSIFIED	NA
b0089	UNCLASSIFIED	NA
b0090	UNCLASSIFIED	NA
b0091	UNCLASSIFIED	NA
b0092	UNCLASSIFIED	NA
b0093	UNCLASSIFIED	NA
b0094	UNCLASSIFIED	NA
b0095	P3_I4_M3	0.86
b0096	UNCLASSIFIED	NA
b0097	UNCLASSIFIED	NA
b0098	UNCLASSIFIED	NA
b0099	UNCLASSIFIED	NA
b0101	P1_I7_M3	0.88
b0102	UNCLASSIFIED	NA
b0103	UNCLASSIFIED	NA
b0104	UNCLASSIFIED	NA
b0106	UNCLASSIFIED	NA
b0107	UNCLASSIFIED	NA
b0109	UNCLASSIFIED	NA
b0110	P2_I5_M6	0.8
b0111	UNCLASSIFIED	NA
b0112	UNCLASSIFIED	NA
b0113	UNCLASSIFIED	NA
b0114	UNCLASSIFIED	NA
b0115	UNCLASSIFIED	NA
b0116	UNCLASSIFIED	NA
b0117	P7_I1_M2	0.81
b0118	UNCLASSIFIED	NA
b0119	UNCLASSIFIED	NA
b0120	UNCLASSIFIED	NA
b0121	UNCLASSIFIED	NA
b0122	UNCLASSIFIED	NA
b0123	UNCLASSIFIED	NA
b0124	UNCLASSIFIED	NA
b0125	UNCLASSIFIED	NA
b0126	P3_I4_M4	0.91
b0127	UNCLASSIFIED	NA
b0128	UNCLASSIFIED	NA
b0129	P4_I3_M3	0.84
b0130	UNCLASSIFIED	NA
b0131	UNCLASSIFIED	NA
b0132	UNCLASSIFIED	NA
b0133	UNCLASSIFIED	NA
b0134	UNCLASSIFIED	NA
b0135	UNCLASSIFIED	NA
b0137	UNCLASSIFIED	NA
b0139	UNCLASSIFIED	NA
b0142	UNCLASSIFIED	NA
b0143	P2_I5_M3	0.82
b0144	UNCLASSIFIED	NA
b0145	UNCLASSIFIED	NA
b0146	UNCLASSIFIED	NA
b0147	UNCLASSIFIED	NA
b0148	UNCLASSIFIED	NA
b0149	UNCLASSIFIED	NA
b0150	P1_I7_M6	0.85
b0151	P1_I7_M6	0.86
b0152	P1_I7_M6	0.82
b0153	UNCLASSIFIED	NA
b0154	UNCLASSIFIED	NA
b0155	UNCLASSIFIED	NA
b0156	UNCLASSIFIED	NA
b0157	UNCLASSIFIED	NA
b0158	UNCLASSIFIED	NA
b0159	UNCLASSIFIED	NA
b0160	UNCLASSIFIED	NA
b0161	UNCLASSIFIED	NA
b0162	UNCLASSIFIED	NA
b0163	UNCLASSIFIED	NA
b0164	UNCLASSIFIED	NA
b0166	UNCLASSIFIED	NA
b0167	P3_I4_M3	0.84
b0168	UNCLASSIFIED	NA
b0169	P1_I7_M8	0.86
b0170	P1_I7_M8	0.85
b0171	P2_I5_M3	0.84
b0172	UNCLASSIFIED	NA
b0173	UNCLASSIFIED	NA
b0174	UNCLASSIFIED	NA
b0175	UNCLASSIFIED	NA
b0176	UNCLASSIFIED	NA
b0177	UNCLASSIFIED	NA
b0178	UNCLASSIFIED	NA
b0179	UNCLASSIFIED	NA
b0180	UNCLASSIFIED	NA
b0181	UNCLASSIFIED	NA
b0182	UNCLASSIFIED	NA
b0183	UNCLASSIFIED	NA
b0184	P4_I3_M1	0.83
b0185	P4_I3_M1	0.84
b0186	P1_I7_M1	0.94
b0187	UNCLASSIFIED	NA
b0188	UNCLASSIFIED	NA
b0189	UNCLASSIFIED	NA
b0190	UNCLASSIFIED	NA
b0191	UNCLASSIFIED	NA
b0192	P2_I5_M4	0.83
b0193	UNCLASSIFIED	NA
b0194	P2_I5_M3	0.84
b0195	UNCLASSIFIED	NA
b0196	UNCLASSIFIED	NA
b0197	UNCLASSIFIED	NA
b0198	P2_I5_M18	0.86
b0199	P2_I5_M18	0.93
b0200	UNCLASSIFIED	NA
b0207	UNCLASSIFIED	NA
b0208	UNCLASSIFIED	NA
b0209	P2_I5_M6	0.88
b0210	UNCLASSIFIED	NA
b0211	UNCLASSIFIED	NA
b0212	UNCLASSIFIED	NA
b0213	UNCLASSIFIED	NA
b0214	UNCLASSIFIED	NA
b0215	UNCLASSIFIED	NA
b0217	UNCLASSIFIED	NA
b0219	P2_I5_M6	0.92
b0220	P1_I7_M1	0.87
b0221	P2_I5_M2	0.88
b0222	UNCLASSIFIED	NA
b0223	UNCLASSIFIED	NA
b0224	UNCLASSIFIED	NA
b0225	P1_I7_M3	0.82
b0226	P2_I5_M14	0.87
b0227	P7_I1_M2	0.82
b0228	UNCLASSIFIED	NA
b0229	P7_I1_M2	0.84
b0230	UNCLASSIFIED	NA
b0231	P7_I1_M2	0.84
b0232	UNCLASSIFIED	NA
b0233	UNCLASSIFIED	NA
b0234	UNCLASSIFIED	NA
b0237	UNCLASSIFIED	NA
b0238	P2_I5_M8	0.85
b0239	UNCLASSIFIED	NA
b0240_2	UNCLASSIFIED	NA
b0241	UNCLASSIFIED	NA
b0242	UNCLASSIFIED	NA
b0243	UNCLASSIFIED	NA
b0250	UNCLASSIFIED	NA
b0251	UNCLASSIFIED	NA
b0252	UNCLASSIFIED	NA
b0253	UNCLASSIFIED	NA
b0254	UNCLASSIFIED	NA
b0258	P2_I5_M6	0.83
b0259	P2_I5_M19	0.98
b0260	P2_I5_M18	0.94
b0261	UNCLASSIFIED	NA
b0262	UNCLASSIFIED	NA
b0264	UNCLASSIFIED	NA
b0265	P1_I7_M3	0.86
b0266	UNCLASSIFIED	NA
b0267	UNCLASSIFIED	NA
b0268	P1_I7_M5	0.87
b0269	P1_I7_M5	0.82
b0270	P3_I4_M6	0.87
b0271	P3_I4_M6	0.82
b0272	UNCLASSIFIED	NA
b0273	UNCLASSIFIED	NA
b0274	UNCLASSIFIED	NA
b0275	P1_I7_M3	0.86
b0276	UNCLASSIFIED	NA
b0277	UNCLASSIFIED	NA
b0278	UNCLASSIFIED	NA
b0280	UNCLASSIFIED	NA
b0281	UNCLASSIFIED	NA
b0283	P1_I7_M1	0.92
b0284	P1_I7_M1	0.94
b0285	P1_I7_M1	0.91
b0286	P1_I7_M1	0.92
b0287	UNCLASSIFIED	NA
b0288	UNCLASSIFIED	NA
b0289	UNCLASSIFIED	NA
b0290	UNCLASSIFIED	NA
b0291	P7_I1_M2	0.87
b0292	UNCLASSIFIED	NA
b0293	UNCLASSIFIED	NA
b0294	UNCLASSIFIED	NA
b0295	P1_I7_M3	0.85
b0296	UNCLASSIFIED	NA
b0300	UNCLASSIFIED	NA
b0304	P1_I7_M1	0.9
b0305	UNCLASSIFIED	NA
b0306	UNCLASSIFIED	NA
b0307	UNCLASSIFIED	NA
b0308	UNCLASSIFIED	NA
b0311	UNCLASSIFIED	NA
b0312	UNCLASSIFIED	NA
b0313	P3_I4_M4	0.84
b0314	UNCLASSIFIED	NA
b0315	UNCLASSIFIED	NA
b0316	UNCLASSIFIED	NA
b0318	UNCLASSIFIED	NA
b0320	UNCLASSIFIED	NA
b0321	UNCLASSIFIED	NA
b0323	UNCLASSIFIED	NA
b0324	P3_I4_M3	0.83
b0325	P3_I4_M1	0.92
b0328	P3_I4_M2	0.9
b0329	P2_I5_M7	0.89
b0330	P2_I5_M2	0.95
b0331	UNCLASSIFIED	NA
b0333	UNCLASSIFIED	NA
b0334	UNCLASSIFIED	NA
b0335	UNCLASSIFIED	NA
b0336	P2_I5_M10	0.86
b0337	P2_I5_M10	0.83
b0338	UNCLASSIFIED	NA
b0339	UNCLASSIFIED	NA
b0340	UNCLASSIFIED	NA
b0341	UNCLASSIFIED	NA
b0342	UNCLASSIFIED	NA
b0343	UNCLASSIFIED	NA
b0344	UNCLASSIFIED	NA
b0345	UNCLASSIFIED	NA
b0346	P2_I5_M2	0.9
b0347	UNCLASSIFIED	NA
b0348	UNCLASSIFIED	NA
b0349	UNCLASSIFIED	NA
b0350	UNCLASSIFIED	NA
b0351	UNCLASSIFIED	NA
b0352	UNCLASSIFIED	NA
b0353	UNCLASSIFIED	NA
b0354	UNCLASSIFIED	NA
b0355	UNCLASSIFIED	NA
b0356	UNCLASSIFIED	NA
b0357	UNCLASSIFIED	NA
b0358	UNCLASSIFIED	NA
b0363	UNCLASSIFIED	NA
b0365	UNCLASSIFIED	NA
b0366	UNCLASSIFIED	NA
b0367	UNCLASSIFIED	NA
b0368	UNCLASSIFIED	NA
b0369	UNCLASSIFIED	NA
b0372	P4_I3_M2	0.89
b0373	UNCLASSIFIED	NA
b0376	UNCLASSIFIED	NA
b0377	UNCLASSIFIED	NA
b0378	UNCLASSIFIED	NA
b0379	UNCLASSIFIED	NA
b0380	P4_I3_M3	0.9
b0381	UNCLASSIFIED	NA
b0382	UNCLASSIFIED	NA
b0383	UNCLASSIFIED	NA
b0384	P1_I7_M1	0.89
b0385	UNCLASSIFIED	NA
b0386	UNCLASSIFIED	NA
b0387	UNCLASSIFIED	NA
b0388	UNCLASSIFIED	NA
b0389	P2_I5_M14	0.87
b0390	UNCLASSIFIED	NA
b0391	UNCLASSIFIED	NA
b0392	P3_I4_M5	0.83
b0393	UNCLASSIFIED	NA
b0394	P5_I3_M4	0.84
b0396	UNCLASSIFIED	NA
b0397	UNCLASSIFIED	NA
b0398	UNCLASSIFIED	NA
b0399	UNCLASSIFIED	NA
b0400	UNCLASSIFIED	NA
b0401	UNCLASSIFIED	NA
b0402	UNCLASSIFIED	NA
b0403	UNCLASSIFIED	NA
b0404	UNCLASSIFIED	NA
b0405	P5_I3_M6	0.86
b0406	P2_I5_M8	0.83
b0407	UNCLASSIFIED	NA
b0408	UNCLASSIFIED	NA
b0409	UNCLASSIFIED	NA
b0410	UNCLASSIFIED	NA
b0411	UNCLASSIFIED	NA
b0412	UNCLASSIFIED	NA
b0413	UNCLASSIFIED	NA
b0414	UNCLASSIFIED	NA
b0415	UNCLASSIFIED	NA
b0416	P2_I5_M8	0.82
b0417	UNCLASSIFIED	NA
b0418	UNCLASSIFIED	NA
b0419	P1_I7_M1	0.95
b0420	UNCLASSIFIED	NA
b0421	P5_I3_M6	0.8
b0422	UNCLASSIFIED	NA
b0423	P1_I7_M7	0.9
b0424	P4_I3_M2	0.86
b0425	P4_I3_M2	0.88
b0426	UNCLASSIFIED	NA
b0427	UNCLASSIFIED	NA
b0428	UNCLASSIFIED	NA
b0429	UNCLASSIFIED	NA
b0430	UNCLASSIFIED	NA
b0431	UNCLASSIFIED	NA
b0432	UNCLASSIFIED	NA
b0433	P1_I7_M7	0.89
b0434	UNCLASSIFIED	NA
b0435	P2_I5_M7	0.91
b0436	P1_I7_M8	0.85
b0437	UNCLASSIFIED	NA
b0438	P2_I5_M4	0.87
b0439	UNCLASSIFIED	NA
b0440	P4_I3_M3	0.85
b0441	UNCLASSIFIED	NA
b0442	UNCLASSIFIED	NA
b0443	UNCLASSIFIED	NA
b0444	UNCLASSIFIED	NA
b0445	P3_I4_M2	0.91
b0446	UNCLASSIFIED	NA
b0447	UNCLASSIFIED	NA
b0448	UNCLASSIFIED	NA
b0449	UNCLASSIFIED	NA
b0450	UNCLASSIFIED	NA
b0451	UNCLASSIFIED	NA
b0452	P2_I5_M4	0.81
b0453	P1_I7_M1	0.88
b0454	UNCLASSIFIED	NA
b0456	UNCLASSIFIED	NA
b0457	UNCLASSIFIED	NA
b0458	UNCLASSIFIED	NA
b0459	UNCLASSIFIED	NA
b0460	P6_I1_M3	0.87
b0461	P2_I5_M14	0.83
b0462	UNCLASSIFIED	NA
b0463	UNCLASSIFIED	NA
b0464	UNCLASSIFIED	NA
b0465	UNCLASSIFIED	NA
b0467	P2_I5_M4	0.89
b0468	UNCLASSIFIED	NA
b0469	P4_I3_M1	0.82
b0470	UNCLASSIFIED	NA
b0471	UNCLASSIFIED	NA
b0472	UNCLASSIFIED	NA
b0473	UNCLASSIFIED	NA
b0474	P1_I7_M7	0.84
b0475	UNCLASSIFIED	NA
b0476	P3_I4_M2	0.85
b0477	P1_I7_M7	0.84
b0478	UNCLASSIFIED	NA
b0479	UNCLASSIFIED	NA
b0480	UNCLASSIFIED	NA
b0481	UNCLASSIFIED	NA
b0482	UNCLASSIFIED	NA
b0483	UNCLASSIFIED	NA
b0484	UNCLASSIFIED	NA
b0485	P2_I5_M9	0.93
b0486	P2_I5_M9	0.93
b0487	UNCLASSIFIED	NA
b0488	UNCLASSIFIED	NA
b0489	UNCLASSIFIED	NA
b0490	UNCLASSIFIED	NA
b0491	UNCLASSIFIED	NA
b0492	UNCLASSIFIED	NA
b0493	UNCLASSIFIED	NA
b0494	UNCLASSIFIED	NA
b0495	UNCLASSIFIED	NA
b0496	UNCLASSIFIED	NA
b0497	UNCLASSIFIED	NA
b0498	UNCLASSIFIED	NA
b0499	UNCLASSIFIED	NA
b0502_1	UNCLASSIFIED	NA
b0503	UNCLASSIFIED	NA
b0504	UNCLASSIFIED	NA
b0505	UNCLASSIFIED	NA
b0506	UNCLASSIFIED	NA
b0507	UNCLASSIFIED	NA
b0508	UNCLASSIFIED	NA
b0509	UNCLASSIFIED	NA
b0511	UNCLASSIFIED	NA
b0512	P4_I3_M4	0.83
b0513	UNCLASSIFIED	NA
b0514	UNCLASSIFIED	NA
b0515	UNCLASSIFIED	NA
b0516	UNCLASSIFIED	NA
b0517	UNCLASSIFIED	NA
b0518	UNCLASSIFIED	NA
b0520	UNCLASSIFIED	NA
b0521	UNCLASSIFIED	NA
b0522	P2_I5_M10	0.91
b0523	P2_I5_M10	0.88
b0524	UNCLASSIFIED	NA
b0525	UNCLASSIFIED	NA
b0526	UNCLASSIFIED	NA
b0527	UNCLASSIFIED	NA
b0528	UNCLASSIFIED	NA
b0529	UNCLASSIFIED	NA
b0532	UNCLASSIFIED	NA
b0533	UNCLASSIFIED	NA
b0537	UNCLASSIFIED	NA
b0543	UNCLASSIFIED	NA
b0544	UNCLASSIFIED	NA
b0545	UNCLASSIFIED	NA
b0546	UNCLASSIFIED	NA
b0552	P2_I5_M19	0.99
b0553_1	P1_I7_M10	0.82
b0555	UNCLASSIFIED	NA
b0556	UNCLASSIFIED	NA
b0557	UNCLASSIFIED	NA
b0559	P1_I7_M3	0.81
b0562_2	UNCLASSIFIED	NA
b0564	UNCLASSIFIED	NA
b0565	UNCLASSIFIED	NA
b0566	UNCLASSIFIED	NA
b0567	UNCLASSIFIED	NA
b0568	UNCLASSIFIED	NA
b0569	UNCLASSIFIED	NA
b0570	UNCLASSIFIED	NA
b0571	UNCLASSIFIED	NA
b0572	UNCLASSIFIED	NA
b0573	UNCLASSIFIED	NA
b0574	UNCLASSIFIED	NA
b0575	UNCLASSIFIED	NA
b0576	UNCLASSIFIED	NA
b0577	UNCLASSIFIED	NA
b0578	UNCLASSIFIED	NA
b0579	UNCLASSIFIED	NA
b0580	UNCLASSIFIED	NA
b0581	P1_I7_M1	0.96
b0582	UNCLASSIFIED	NA
b0583	P1_I7_M6	0.83
b0584	P1_I7_M6	0.95
b0585	P1_I7_M6	0.98
b0586	P1_I7_M6	0.96
b0587	UNCLASSIFIED	NA
b0588	P1_I7_M6	0.97
b0589	P1_I7_M6	0.91
b0590	P1_I7_M6	0.93
b0591	P1_I7_M6	0.96
b0592	P1_I7_M6	0.97
b0593	P1_I7_M6	0.98
b0594	P1_I7_M6	0.98
b0595	P1_I7_M6	0.97
b0596	P1_I7_M6	0.95
b0597	P1_I7_M6	0.93
b0598	P1_I7_M5	0.88
b0599	P2_I5_M18	0.95
b0600	P2_I5_M18	0.96
b0601	UNCLASSIFIED	NA
b0602	UNCLASSIFIED	NA
b0604	UNCLASSIFIED	NA
b0605	UNCLASSIFIED	NA
b0606	UNCLASSIFIED	NA
b0607	UNCLASSIFIED	NA
b0608	P1_I7_M1	0.87
b0610	UNCLASSIFIED	NA
b0611	P4_I3_M2	0.86
b0612	UNCLASSIFIED	NA
b0615	UNCLASSIFIED	NA
b0618	UNCLASSIFIED	NA
b0619	UNCLASSIFIED	NA
b0620	UNCLASSIFIED	NA
b0621	P1_I7_M2	0.98
b0622	UNCLASSIFIED	NA
b0623	P1_I7_M3	0.82
b0624	UNCLASSIFIED	NA
b0627	P1_I7_M3	0.9
b0628	UNCLASSIFIED	NA
b0629	UNCLASSIFIED	NA
b0630	UNCLASSIFIED	NA
b0631	P1_I7_M3	0.82
b0632	P1_I7_M7	0.89
b0633	UNCLASSIFIED	NA
b0634	UNCLASSIFIED	NA
b0635	P2_I5_M8	0.92
b0636	UNCLASSIFIED	NA
b0637	P5_I3_M2	0.8
b0638	UNCLASSIFIED	NA
b0639	UNCLASSIFIED	NA
b0640	P3_I4_M7	0.81
b0641	UNCLASSIFIED	NA
b0642	UNCLASSIFIED	NA
b0643	P1_I7_M1	0.9
b0644	UNCLASSIFIED	NA
b0646	UNCLASSIFIED	NA
b0649	UNCLASSIFIED	NA
b0650	UNCLASSIFIED	NA
b0651	P2_I5_M19	0.85
b0652	UNCLASSIFIED	NA
b0653	UNCLASSIFIED	NA
b0654	UNCLASSIFIED	NA
b0655	UNCLASSIFIED	NA
b0656	P2_I5_M19	0.99
b0657	P3_I4_M7	0.82
b0658	UNCLASSIFIED	NA
b0659	UNCLASSIFIED	NA
b0660	P2_I5_M4	0.86
b0661	P2_I5_M3	0.89
b0662	P2_I5_M4	0.9
b0674	UNCLASSIFIED	NA
b0675	UNCLASSIFIED	NA
b0676	UNCLASSIFIED	NA
b0677	UNCLASSIFIED	NA
b0678	UNCLASSIFIED	NA
b0679	UNCLASSIFIED	NA
b0680	UNCLASSIFIED	NA
b0681	UNCLASSIFIED	NA
b0682	UNCLASSIFIED	NA
b0683	UNCLASSIFIED	NA
b0684	UNCLASSIFIED	NA
b0685	UNCLASSIFIED	NA
b0686	UNCLASSIFIED	NA
b0687	UNCLASSIFIED	NA
b0688	UNCLASSIFIED	NA
b0689	UNCLASSIFIED	NA
b0692	UNCLASSIFIED	NA
b0693	UNCLASSIFIED	NA
b0694	P2_I5_M4	0.85
b0695	P2_I5_M4	0.9
b0696	UNCLASSIFIED	NA
b0697	UNCLASSIFIED	NA
b0698	UNCLASSIFIED	NA
b0699	UNCLASSIFIED	NA
b0700	UNCLASSIFIED	NA
b0703	UNCLASSIFIED	NA
b0704	UNCLASSIFIED	NA
b0705	UNCLASSIFIED	NA
b0707	P5_I3_M1	0.9
b0708	P3_I4_M1	0.87
b0709	UNCLASSIFIED	NA
b0710	P3_I4_M3	0.86
b0711	P3_I4_M3	0.86
b0712	P3_I4_M3	0.88
b0713	P3_I4_M3	0.8
b0714	UNCLASSIFIED	NA
b0715	P1_I7_M2	0.87
b0716	UNCLASSIFIED	NA
b0718	UNCLASSIFIED	NA
b0720	P2_I5_M11	0.88
b0721	P2_I5_M12	0.92
b0722	P2_I5_M12	0.9
b0723	P2_I5_M12	0.96
b0724	P2_I5_M12	0.95
b0726	P2_I5_M12	0.94
b0727	P2_I5_M12	0.93
b0728	P2_I5_M12	0.94
b0729	P2_I5_M12	0.94
b0730	UNCLASSIFIED	NA
b0731	UNCLASSIFIED	NA
b0732	UNCLASSIFIED	NA
b0733	P1_I7_M2	0.84
b0734	P1_I7_M2	0.8
b0735	UNCLASSIFIED	NA
b0736	UNCLASSIFIED	NA
b0737	P2_I5_M8	0.85
b0738	UNCLASSIFIED	NA
b0739	UNCLASSIFIED	NA
b0740	UNCLASSIFIED	NA
b0741	UNCLASSIFIED	NA
b0742	UNCLASSIFIED	NA
b0750	UNCLASSIFIED	NA
b0751	UNCLASSIFIED	NA
b0752	UNCLASSIFIED	NA
b0753	P1_I7_M1	0.92
b0754	UNCLASSIFIED	NA
b0755	UNCLASSIFIED	NA
b0756	UNCLASSIFIED	NA
b0757	UNCLASSIFIED	NA
b0758	UNCLASSIFIED	NA
b0759	UNCLASSIFIED	NA
b0760	UNCLASSIFIED	NA
b0761	UNCLASSIFIED	NA
b0762	P6_I1_M3	0.84
b0763	UNCLASSIFIED	NA
b0764	UNCLASSIFIED	NA
b0765	UNCLASSIFIED	NA
b0766	P2_I5_M3	0.8
b0767	P1_I7_M1	0.9
b0768	UNCLASSIFIED	NA
b0770	UNCLASSIFIED	NA
b0771	UNCLASSIFIED	NA
b0772	UNCLASSIFIED	NA
b0773	P1_I7_M1	0.89
b0774	UNCLASSIFIED	NA
b0775	UNCLASSIFIED	NA
b0776	UNCLASSIFIED	NA
b0777	UNCLASSIFIED	NA
b0778	UNCLASSIFIED	NA
b0779	P5_I3_M4	0.89
b0780	UNCLASSIFIED	NA
b0781	UNCLASSIFIED	NA
b0782	UNCLASSIFIED	NA
b0783	UNCLASSIFIED	NA
b0784	UNCLASSIFIED	NA
b0785	UNCLASSIFIED	NA
b0786	P2_I5_M6	0.85
b0787	UNCLASSIFIED	NA
b0788	P1_I7_M1	0.92
b0789	P1_I7_M1	0.95
b0790	P1_I7_M1	0.95
b0791	P2_I5_M1	0.82
b0792	P5_I3_M1	0.88
b0793	UNCLASSIFIED	NA
b0794	UNCLASSIFIED	NA
b0795	UNCLASSIFIED	NA
b0796	UNCLASSIFIED	NA
b0797	UNCLASSIFIED	NA
b0798	UNCLASSIFIED	NA
b0799	UNCLASSIFIED	NA
b0800	P3_I4_M3	0.93
b0801	UNCLASSIFIED	NA
b0802	UNCLASSIFIED	NA
b0803	UNCLASSIFIED	NA
b0804	P1_I7_M6	0.88
b0805	P1_I7_M6	0.92
b0806	P7_I1_M2	0.83
b0807	UNCLASSIFIED	NA
b0808	P1_I7_M1	0.96
b0809	UNCLASSIFIED	NA
b0810	UNCLASSIFIED	NA
b0811	UNCLASSIFIED	NA
b0812	P1_I7_M1	0.96
b0813	UNCLASSIFIED	NA
b0814	UNCLASSIFIED	NA
b0815	UNCLASSIFIED	NA
b0817	UNCLASSIFIED	NA
b0818	UNCLASSIFIED	NA
b0819	UNCLASSIFIED	NA
b0820	UNCLASSIFIED	NA
b0821	UNCLASSIFIED	NA
b0822	P5_I3_M5	0.81
b0823	UNCLASSIFIED	NA
b0824	UNCLASSIFIED	NA
b0825	UNCLASSIFIED	NA
b0826	UNCLASSIFIED	NA
b0827	UNCLASSIFIED	NA
b0828	UNCLASSIFIED	NA
b0829	UNCLASSIFIED	NA
b0830	UNCLASSIFIED	NA
b0831	UNCLASSIFIED	NA
b0832	UNCLASSIFIED	NA
b0833	P2_I5_M8	0.89
b0834	P2_I5_M8	0.89
b0835	P1_I7_M7	0.91
b0836	UNCLASSIFIED	NA
b0837	P1_I7_M1	0.86
b0838	UNCLASSIFIED	NA
b0839	P1_I7_M1	0.86
b0840	UNCLASSIFIED	NA
b0841	UNCLASSIFIED	NA
b0842	UNCLASSIFIED	NA
b0843	UNCLASSIFIED	NA
b0844	UNCLASSIFIED	NA
b0845	UNCLASSIFIED	NA
b0846	UNCLASSIFIED	NA
b0847	UNCLASSIFIED	NA
b0848	P1_I7_M2	0.83
b0849	UNCLASSIFIED	NA
b0850	UNCLASSIFIED	NA
b0851	UNCLASSIFIED	NA
b0852	UNCLASSIFIED	NA
b0853	UNCLASSIFIED	NA
b0854	UNCLASSIFIED	NA
b0855	UNCLASSIFIED	NA
b0856	UNCLASSIFIED	NA
b0857	UNCLASSIFIED	NA
b0858	UNCLASSIFIED	NA
b0859	P5_I3_M6	0.81
b0860	UNCLASSIFIED	NA
b0861	UNCLASSIFIED	NA
b0862	UNCLASSIFIED	NA
b0863	UNCLASSIFIED	NA
b0864	UNCLASSIFIED	NA
b0865	P1_I7_M1	0.89
b0866	UNCLASSIFIED	NA
b0867	P2_I5_M4	0.86
b0868	UNCLASSIFIED	NA
b0869	P3_I4_M1	0.83
b0870	P2_I5_M4	0.86
b0871	P1_I7_M1	0.93
b0872	P1_I7_M2	0.86
b0873	UNCLASSIFIED	NA
b0874	P2_I5_M8	0.91
b0875	UNCLASSIFIED	NA
b0876	UNCLASSIFIED	NA
b0877	UNCLASSIFIED	NA
b0878	UNCLASSIFIED	NA
b0879	UNCLASSIFIED	NA
b0880	P4_I3_M3	0.85
b0881	P2_I5_M14	0.92
b0882	P5_I3_M4	0.87
b0884	P2_I5_M17	0.93
b0885	UNCLASSIFIED	NA
b0886	UNCLASSIFIED	NA
b0887	UNCLASSIFIED	NA
b0888	UNCLASSIFIED	NA
b0889	UNCLASSIFIED	NA
b0890	UNCLASSIFIED	NA
b0891	UNCLASSIFIED	NA
b0892	UNCLASSIFIED	NA
b0893	UNCLASSIFIED	NA
b0894	P1_I7_M2	0.95
b0895	P1_I7_M2	0.94
b0896	P1_I7_M2	0.89
b0897	P1_I7_M1	0.89
b0898	UNCLASSIFIED	NA
b0899	UNCLASSIFIED	NA
b0900	UNCLASSIFIED	NA
b0901	UNCLASSIFIED	NA
b0902	UNCLASSIFIED	NA
b0903	UNCLASSIFIED	NA
b0904	P1_I7_M2	0.88
b0905	UNCLASSIFIED	NA
b0906	P1_I7_M1	0.92
b0907	UNCLASSIFIED	NA
b0908	UNCLASSIFIED	NA
b0909	UNCLASSIFIED	NA
b0910	UNCLASSIFIED	NA
b0911	P1_I7_M7	0.8
b0912	UNCLASSIFIED	NA
b0913	UNCLASSIFIED	NA
b0914	UNCLASSIFIED	NA
b0915	UNCLASSIFIED	NA
b0916	UNCLASSIFIED	NA
b0917	P1_I7_M3	0.91
b0918	UNCLASSIFIED	NA
b0919	P1_I7_M2	0.94
b0920	UNCLASSIFIED	NA
b0921	UNCLASSIFIED	NA
b0922	UNCLASSIFIED	NA
b0923	UNCLASSIFIED	NA
b0924	UNCLASSIFIED	NA
b0925	P5_I3_M4	0.87
b0926	UNCLASSIFIED	NA
b0927	UNCLASSIFIED	NA
b0928	UNCLASSIFIED	NA
b0929	UNCLASSIFIED	NA
b0930	P1_I7_M7	0.87
b0931	UNCLASSIFIED	NA
b0932	UNCLASSIFIED	NA
b0933	UNCLASSIFIED	NA
b0934	UNCLASSIFIED	NA
b0935	UNCLASSIFIED	NA
b0936	UNCLASSIFIED	NA
b0937	UNCLASSIFIED	NA
b0940	UNCLASSIFIED	NA
b0941	UNCLASSIFIED	NA
b0942	UNCLASSIFIED	NA
b0943	UNCLASSIFIED	NA
b0944	UNCLASSIFIED	NA
b0945	P1_I7_M7	0.85
b0946	UNCLASSIFIED	NA
b0947	UNCLASSIFIED	NA
b0948	P2_I5_M3	0.91
b0949	P2_I5_M3	0.88
b0950	UNCLASSIFIED	NA
b0951	UNCLASSIFIED	NA
b0952	UNCLASSIFIED	NA
b0953	P2_I5_M14	0.84
b0954	UNCLASSIFIED	NA
b0955	UNCLASSIFIED	NA
b0956	UNCLASSIFIED	NA
b0957	UNCLASSIFIED	NA
b0958	UNCLASSIFIED	NA
b0959	UNCLASSIFIED	NA
b0960	UNCLASSIFIED	NA
b0961	UNCLASSIFIED	NA
b0962	P3_I4_M3	0.86
b0963	UNCLASSIFIED	NA
b0964	P1_I7_M1	0.81
b0965	P1_I7_M1	0.88
b0966	UNCLASSIFIED	NA
b0967	P1_I7_M7	0.86
b0968	P3_I4_M5	0.85
b0969	UNCLASSIFIED	NA
b0970	UNCLASSIFIED	NA
b0972	UNCLASSIFIED	NA
b0973	UNCLASSIFIED	NA
b0974	UNCLASSIFIED	NA
b0975	UNCLASSIFIED	NA
b0976	UNCLASSIFIED	NA
b0977	UNCLASSIFIED	NA
b0978	P2_I5_M9	0.86
b0979	P2_I5_M9	0.87
b0980	P1_I7_M1	0.83
b0981	UNCLASSIFIED	NA
b0982	UNCLASSIFIED	NA
b0983	UNCLASSIFIED	NA
b0984	UNCLASSIFIED	NA
b0985	UNCLASSIFIED	NA
b0986	UNCLASSIFIED	NA
b0987	UNCLASSIFIED	NA
b0990	UNCLASSIFIED	NA
b0991	P2_I5_M21	0.86
b0992	P1_I7_M2	0.84
b0993	UNCLASSIFIED	NA
b0994	UNCLASSIFIED	NA
b0995	UNCLASSIFIED	NA
b0996	UNCLASSIFIED	NA
b0997	UNCLASSIFIED	NA
b0998	UNCLASSIFIED	NA
b0999	UNCLASSIFIED	NA
b1000	P1_I7_M1	0.87
b1001	UNCLASSIFIED	NA
b1002	P2_I5_M1	0.88
b1003	P2_I5_M7	0.91
b1004	P1_I7_M1	0.91
b1006	UNCLASSIFIED	NA
b1007	UNCLASSIFIED	NA
b1008	UNCLASSIFIED	NA
b1009	UNCLASSIFIED	NA
b1010	UNCLASSIFIED	NA
b1011	UNCLASSIFIED	NA
b1012	UNCLASSIFIED	NA
b1013	UNCLASSIFIED	NA
b1014	UNCLASSIFIED	NA
b1015	UNCLASSIFIED	NA
b1018	P3_I4_M4	0.84
b1019	P3_I4_M4	0.81
b1020	P3_I4_M4	0.85
b1021	UNCLASSIFIED	NA
b1022	UNCLASSIFIED	NA
b1023	UNCLASSIFIED	NA
b1024	UNCLASSIFIED	NA
b1025	UNCLASSIFIED	NA
b1026	P4_I3_M2	0.87
b1027	UNCLASSIFIED	NA
b1033	UNCLASSIFIED	NA
b1034	UNCLASSIFIED	NA
b1035	UNCLASSIFIED	NA
b1036	UNCLASSIFIED	NA
b1037	UNCLASSIFIED	NA
b1038	UNCLASSIFIED	NA
b1039	UNCLASSIFIED	NA
b1040	UNCLASSIFIED	NA
b1042	UNCLASSIFIED	NA
b1044	P1_I7_M4	0.89
b1045	P5_I3_M1	0.84
b1046	P3_I4_M1	0.89
b1047	P2_I5_M8	0.87
b1048	P3_I4_M7	0.82
b1049	P3_I4_M7	0.86
b1050	UNCLASSIFIED	NA
b1051	P1_I7_M1	0.92
b1053	UNCLASSIFIED	NA
b1054	UNCLASSIFIED	NA
b1055	P3_I4_M4	0.86
b1056	P3_I4_M4	0.81
b1057	UNCLASSIFIED	NA
b1059	UNCLASSIFIED	NA
b1060	P2_I5_M14	0.83
b1061	UNCLASSIFIED	NA
b1062	P2_I5_M10	0.89
b1063	UNCLASSIFIED	NA
b1064	P5_I3_M1	0.84
b1065	UNCLASSIFIED	NA
b1066	UNCLASSIFIED	NA
b1067	UNCLASSIFIED	NA
b1068	UNCLASSIFIED	NA
b1069	UNCLASSIFIED	NA
b1070	P1_I7_M4	0.97
b1071	P1_I7_M4	0.92
b1072	P1_I7_M4	0.96
b1073	P1_I7_M4	0.93
b1074	P1_I7_M4	0.95
b1075	P1_I7_M4	0.97
b1076	P1_I7_M4	0.97
b1077	P1_I7_M4	0.98
b1078	P1_I7_M4	0.98
b1079	P1_I7_M4	0.98
b1080	P1_I7_M4	0.98
b1081	P1_I7_M4	0.97
b1082	P1_I7_M4	0.98
b1083	P1_I7_M4	0.97
b1084	UNCLASSIFIED	NA
b1086	P5_I3_M6	0.9
b1087	P1_I7_M1	0.89
b1088	UNCLASSIFIED	NA
b1089	P1_I7_M3	0.95
b1090	UNCLASSIFIED	NA
b1091	UNCLASSIFIED	NA
b1092	UNCLASSIFIED	NA
b1093	UNCLASSIFIED	NA
b1094	P1_I7_M3	0.94
b1095	P4_I3_M1	0.81
b1096	UNCLASSIFIED	NA
b1097	UNCLASSIFIED	NA
b1098	UNCLASSIFIED	NA
b1099	UNCLASSIFIED	NA
b1100	UNCLASSIFIED	NA
b1101	UNCLASSIFIED	NA
b1102	P1_I7_M6	0.94
b1103	UNCLASSIFIED	NA
b1104	P3_I4_M5	0.82
b1105	P2_I5_M4	0.86
b1106	UNCLASSIFIED	NA
b1107	UNCLASSIFIED	NA
b1108	UNCLASSIFIED	NA
b1109	UNCLASSIFIED	NA
b1110	UNCLASSIFIED	NA
b1111	UNCLASSIFIED	NA
b1112	UNCLASSIFIED	NA
b1113	UNCLASSIFIED	NA
b1114	UNCLASSIFIED	NA
b1115	UNCLASSIFIED	NA
b1116	UNCLASSIFIED	NA
b1117	UNCLASSIFIED	NA
b1118	UNCLASSIFIED	NA
b1119	UNCLASSIFIED	NA
b1120	UNCLASSIFIED	NA
b1123	UNCLASSIFIED	NA
b1124	UNCLASSIFIED	NA
b1125	P2_I5_M8	0.82
b1126	P5_I3_M6	0.8
b1127	UNCLASSIFIED	NA
b1128	UNCLASSIFIED	NA
b1129	UNCLASSIFIED	NA
b1130	UNCLASSIFIED	NA
b1131	P2_I5_M10	0.86
b1132	P2_I5_M3	0.8
b1133	P5_I3_M6	0.9
b1134	UNCLASSIFIED	NA
b1135	UNCLASSIFIED	NA
b1136	UNCLASSIFIED	NA
b1137	P1_I7_M10	0.88
b1138	P1_I7_M10	0.89
b1139	UNCLASSIFIED	NA
b1140	UNCLASSIFIED	NA
b1141	UNCLASSIFIED	NA
b1143	UNCLASSIFIED	NA
b1144	UNCLASSIFIED	NA
b1145	UNCLASSIFIED	NA
b1147	UNCLASSIFIED	NA
b1159	UNCLASSIFIED	NA
b1161	UNCLASSIFIED	NA
b1162	UNCLASSIFIED	NA
b1163	UNCLASSIFIED	NA
b1164	UNCLASSIFIED	NA
b1165	UNCLASSIFIED	NA
b1166	UNCLASSIFIED	NA
b1167	UNCLASSIFIED	NA
b1168	UNCLASSIFIED	NA
b1171	UNCLASSIFIED	NA
b1172	UNCLASSIFIED	NA
b1174	P1_I7_M3	0.82
b1175	UNCLASSIFIED	NA
b1176	UNCLASSIFIED	NA
b1177	UNCLASSIFIED	NA
b1178	UNCLASSIFIED	NA
b1179	UNCLASSIFIED	NA
b1180	UNCLASSIFIED	NA
b1181	UNCLASSIFIED	NA
b1182	UNCLASSIFIED	NA
b1183	UNCLASSIFIED	NA
b1184	UNCLASSIFIED	NA
b1185	UNCLASSIFIED	NA
b1186	UNCLASSIFIED	NA
b1187	UNCLASSIFIED	NA
b1188	P1_I7_M1	0.95
b1189	UNCLASSIFIED	NA
b1190	UNCLASSIFIED	NA
b1191	UNCLASSIFIED	NA
b1192	P4_I3_M2	0.81
b1193	UNCLASSIFIED	NA
b1194	P1_I7_M4	0.97
b1195	P2_I5_M7	0.9
b1197	P3_I4_M1	0.88
b1198	UNCLASSIFIED	NA
b1199	UNCLASSIFIED	NA
b1200	UNCLASSIFIED	NA
b1201	UNCLASSIFIED	NA
b1202	UNCLASSIFIED	NA
b1203	P2_I5_M3	0.82
b1204	UNCLASSIFIED	NA
b1205	UNCLASSIFIED	NA
b1206	UNCLASSIFIED	NA
b1207	P1_I7_M7	0.89
b1208	UNCLASSIFIED	NA
b1209	UNCLASSIFIED	NA
b1210	UNCLASSIFIED	NA
b1211	UNCLASSIFIED	NA
b1212	UNCLASSIFIED	NA
b1213	UNCLASSIFIED	NA
b1214	UNCLASSIFIED	NA
b1215	UNCLASSIFIED	NA
b1216	UNCLASSIFIED	NA
b1217	P5_I3_M3	0.86
b1218	P1_I7_M1	0.9
b1219	UNCLASSIFIED	NA
b1220	UNCLASSIFIED	NA
b1221	P3_I4_M3	0.8
b1222	P4_I3_M2	0.82
b1223	UNCLASSIFIED	NA
b1224	UNCLASSIFIED	NA
b1225	UNCLASSIFIED	NA
b1226	UNCLASSIFIED	NA
b1227	UNCLASSIFIED	NA
b1232	UNCLASSIFIED	NA
b1233	P2_I5_M17	0.8
b1234	P5_I3_M1	0.92
b1235	P1_I7_M1	0.92
b1236	UNCLASSIFIED	NA
b1237	UNCLASSIFIED	NA
b1238	UNCLASSIFIED	NA
b1241	UNCLASSIFIED	NA
b1242	UNCLASSIFIED	NA
b1243	UNCLASSIFIED	NA
b1244	UNCLASSIFIED	NA
b1245	UNCLASSIFIED	NA
b1246	UNCLASSIFIED	NA
b1247	UNCLASSIFIED	NA
b1248	UNCLASSIFIED	NA
b1249	UNCLASSIFIED	NA
b1250	UNCLASSIFIED	NA
b1251	UNCLASSIFIED	NA
b1252	P1_I7_M6	0.92
b1253	UNCLASSIFIED	NA
b1254	UNCLASSIFIED	NA
b1255	UNCLASSIFIED	NA
b1256	UNCLASSIFIED	NA
b1257	P3_I4_M1	0.86
b1258	P3_I4_M1	0.9
b1259	P5_I3_M3	0.86
b1260	UNCLASSIFIED	NA
b1261	UNCLASSIFIED	NA
b1262	UNCLASSIFIED	NA
b1263	UNCLASSIFIED	NA
b1264	UNCLASSIFIED	NA
b1266	UNCLASSIFIED	NA
b1267	P5_I3_M4	0.87
b1268	UNCLASSIFIED	NA
b1269	UNCLASSIFIED	NA
b1270	UNCLASSIFIED	NA
b1271	UNCLASSIFIED	NA
b1272	UNCLASSIFIED	NA
b1273	P1_I7_M3	0.81
b1274	UNCLASSIFIED	NA
b1275	UNCLASSIFIED	NA
b1276	P2_I5_M2	0.83
b1277	UNCLASSIFIED	NA
b1278	P2_I5_M6	0.81
b1279	P1_I7_M3	0.89
b1280	UNCLASSIFIED	NA
b1281	P1_I7_M7	0.91
b1282	P1_I7_M7	0.83
b1283	P5_I3_M3	0.88
b1284	UNCLASSIFIED	NA
b1285	P1_I7_M1	0.91
b1286	P1_I7_M9	0.86
b1287	P1_I7_M9	0.91
b1288	UNCLASSIFIED	NA
b1289	UNCLASSIFIED	NA
b1290	UNCLASSIFIED	NA
b1291	UNCLASSIFIED	NA
b1292	UNCLASSIFIED	NA
b1293	UNCLASSIFIED	NA
b1294	UNCLASSIFIED	NA
b1295	UNCLASSIFIED	NA
b1296	UNCLASSIFIED	NA
b1297	UNCLASSIFIED	NA
b1298	UNCLASSIFIED	NA
b1299	UNCLASSIFIED	NA
b1300	UNCLASSIFIED	NA
b1301	UNCLASSIFIED	NA
b1302	UNCLASSIFIED	NA
b1303	UNCLASSIFIED	NA
b1304	UNCLASSIFIED	NA
b1305	UNCLASSIFIED	NA
b1306	UNCLASSIFIED	NA
b1308	P4_I3_M3	0.89
b1309	UNCLASSIFIED	NA
b1310	UNCLASSIFIED	NA
b1313	UNCLASSIFIED	NA
b1315	UNCLASSIFIED	NA
b1316	UNCLASSIFIED	NA
b1319	UNCLASSIFIED	NA
b1320	UNCLASSIFIED	NA
b1321	UNCLASSIFIED	NA
b1322	UNCLASSIFIED	NA
b1323	UNCLASSIFIED	NA
b1324	UNCLASSIFIED	NA
b1325	P2_I5_M6	0.84
b1326	P1_I7_M1	0.82
b1327	P1_I7_M1	0.91
b1328	UNCLASSIFIED	NA
b1329	UNCLASSIFIED	NA
b1330	UNCLASSIFIED	NA
b1332	UNCLASSIFIED	NA
b1333	UNCLASSIFIED	NA
b1334	UNCLASSIFIED	NA
b1335	UNCLASSIFIED	NA
b1336	UNCLASSIFIED	NA
b1337	UNCLASSIFIED	NA
b1338	UNCLASSIFIED	NA
b1339	P1_I7_M5	0.8
b1340	UNCLASSIFIED	NA
b1341	P5_I3_M1	0.86
b1342	P1_I7_M1	0.9
b1343	P3_I4_M1	0.85
b1344	UNCLASSIFIED	NA
b1345	UNCLASSIFIED	NA
b1349	UNCLASSIFIED	NA
b1350	UNCLASSIFIED	NA
b1353	UNCLASSIFIED	NA
b1356	UNCLASSIFIED	NA
b1359	UNCLASSIFIED	NA
b1361	UNCLASSIFIED	NA
b1362	UNCLASSIFIED	NA
b1363	UNCLASSIFIED	NA
b1368	UNCLASSIFIED	NA
b1370	UNCLASSIFIED	NA
b1372	UNCLASSIFIED	NA
b1374	UNCLASSIFIED	NA
b1375	UNCLASSIFIED	NA
b1376	UNCLASSIFIED	NA
b1377	UNCLASSIFIED	NA
b1378	UNCLASSIFIED	NA
b1379	UNCLASSIFIED	NA
b1380	UNCLASSIFIED	NA
b1381	UNCLASSIFIED	NA
b1383	UNCLASSIFIED	NA
b1384	P2_I5_M11	0.86
b1385	P2_I5_M2	0.86
b1386	UNCLASSIFIED	NA
b1387	UNCLASSIFIED	NA
b1388	UNCLASSIFIED	NA
b1389	UNCLASSIFIED	NA
b1390	UNCLASSIFIED	NA
b1391	UNCLASSIFIED	NA
b1392	UNCLASSIFIED	NA
b1393	UNCLASSIFIED	NA
b1394	UNCLASSIFIED	NA
b1395	UNCLASSIFIED	NA
b1397	P2_I5_M11	0.9
b1398	P2_I5_M11	0.89
b1399	UNCLASSIFIED	NA
b1400	UNCLASSIFIED	NA
b1402	P2_I5_M4	0.87
b1403	P2_I5_M6	0.83
b1406	P1_I7_M1	0.85
b1407	UNCLASSIFIED	NA
b1410	UNCLASSIFIED	NA
b1411	UNCLASSIFIED	NA
b1412	UNCLASSIFIED	NA
b1413	UNCLASSIFIED	NA
b1414	UNCLASSIFIED	NA
b1415	P2_I5_M12	0.94
b1418	UNCLASSIFIED	NA
b1419	P1_I7_M3	0.86
b1420	P4_I3_M3	0.85
b1421	P1_I7_M4	0.87
b1422	P3_I4_M4	0.85
b1423	P2_I5_M1	0.96
b1424	UNCLASSIFIED	NA
b1426	P4_I3_M3	0.9
b1427	UNCLASSIFIED	NA
b1428	P1_I7_M1	0.96
b1429	UNCLASSIFIED	NA
b1430	UNCLASSIFIED	NA
b1431	UNCLASSIFIED	NA
b1432	UNCLASSIFIED	NA
b1433	UNCLASSIFIED	NA
b1434	UNCLASSIFIED	NA
b1435	P1_I7_M7	0.89
b1438	UNCLASSIFIED	NA
b1439	P3_I4_M4	0.83
b1440	P2_I5_M1	0.95
b1441	P2_I5_M1	0.92
b1442	P2_I5_M1	0.92
b1443	P2_I5_M1	0.9
b1444	P2_I5_M1	0.9
b1446	P2_I5_M14	0.84
b1447	UNCLASSIFIED	NA
b1448	UNCLASSIFIED	NA
b1449	P1_I7_M1	0.95
b1450	P3_I4_M1	0.92
b1451	P3_I4_M4	0.86
b1452	P1_I7_M6	0.94
b1453	UNCLASSIFIED	NA
b1454	P1_I7_M1	0.93
b1456	UNCLASSIFIED	NA
b1460	UNCLASSIFIED	NA
b1461	P2_I5_M21	0.85
b1462	P1_I7_M1	0.88
b1463	UNCLASSIFIED	NA
b1464	UNCLASSIFIED	NA
b1465	UNCLASSIFIED	NA
b1466	UNCLASSIFIED	NA
b1467	UNCLASSIFIED	NA
b1468	UNCLASSIFIED	NA
b1469	UNCLASSIFIED	NA
b1473	UNCLASSIFIED	NA
b1474	UNCLASSIFIED	NA
b1475	UNCLASSIFIED	NA
b1476	UNCLASSIFIED	NA
b1477	UNCLASSIFIED	NA
b1478	P3_I4_M1	0.91
b1479	UNCLASSIFIED	NA
b1480	P5_I3_M3	0.92
b1481	UNCLASSIFIED	NA
b1482	P1_I7_M1	0.94
b1483	UNCLASSIFIED	NA
b1484	UNCLASSIFIED	NA
b1485	UNCLASSIFIED	NA
b1486	UNCLASSIFIED	NA
b1487	P2_I5_M11	0.86
b1488	P2_I5_M11	0.83
b1489	P3_I4_M1	0.89
b1490	P3_I4_M1	0.87
b1491	UNCLASSIFIED	NA
b1492	P2_I5_M9	0.98
b1493	P2_I5_M9	0.97
b1494	UNCLASSIFIED	NA
b1495	UNCLASSIFIED	NA
b1496	UNCLASSIFIED	NA
b1497	UNCLASSIFIED	NA
b1498	P1_I7_M5	0.86
b1499	P2_I5_M16	0.94
b1501	P2_I5_M16	0.94
b1502	UNCLASSIFIED	NA
b1505	UNCLASSIFIED	NA
b1507	UNCLASSIFIED	NA
b1508	UNCLASSIFIED	NA
b1511	P2_I5_M1	0.89
b1512	P2_I5_M1	0.9
b1513	P2_I5_M1	0.91
b1514	P2_I5_M1	0.92
b1515	P2_I5_M1	0.88
b1516	P2_I5_M1	0.92
b1517	P2_I5_M1	0.88
b1518	UNCLASSIFIED	NA
b1519	P1_I7_M1	0.96
b1520	P5_I3_M5	0.86
b1521	UNCLASSIFIED	NA
b1522	UNCLASSIFIED	NA
b1523	UNCLASSIFIED	NA
b1524	P5_I3_M6	0.86
b1525	UNCLASSIFIED	NA
b1526	UNCLASSIFIED	NA
b1528	P5_I3_M5	0.94
b1529	P5_I3_M4	0.85
b1530	UNCLASSIFIED	NA
b1531	UNCLASSIFIED	NA
b1533	UNCLASSIFIED	NA
b1534	UNCLASSIFIED	NA
b1535	UNCLASSIFIED	NA
b1536	P1_I7_M1	0.91
b1537	P1_I7_M1	0.89
b1538	UNCLASSIFIED	NA
b1539	UNCLASSIFIED	NA
b1540	UNCLASSIFIED	NA
b1541	UNCLASSIFIED	NA
b1542	UNCLASSIFIED	NA
b1546	UNCLASSIFIED	NA
b1547	UNCLASSIFIED	NA
b1548	UNCLASSIFIED	NA
b1550	P1_I7_M3	0.87
b1552	UNCLASSIFIED	NA
b1557	UNCLASSIFIED	NA
b1558	UNCLASSIFIED	NA
b1559	UNCLASSIFIED	NA
b1562	P2_I5_M14	0.89
b1563	P3_I4_M5	0.91
b1564	P3_I4_M5	0.83
b1566	P1_I7_M4	0.92
b1570	UNCLASSIFIED	NA
b1579	UNCLASSIFIED	NA
b1580	UNCLASSIFIED	NA
b1581	UNCLASSIFIED	NA
b1582	UNCLASSIFIED	NA
b1583	UNCLASSIFIED	NA
b1584	UNCLASSIFIED	NA
b1585	UNCLASSIFIED	NA
b1586	UNCLASSIFIED	NA
b1587	P1_I7_M2	0.93
b1588	P1_I7_M2	0.83
b1589	P1_I7_M2	0.8
b1590	P1_I7_M2	0.83
b1591	UNCLASSIFIED	NA
b1592	UNCLASSIFIED	NA
b1593	P1_I7_M2	0.95
b1594	UNCLASSIFIED	NA
b1595	UNCLASSIFIED	NA
b1596	UNCLASSIFIED	NA
b1597	P2_I5_M16	0.85
b1598	P7_I1_M2	0.84
b1599	UNCLASSIFIED	NA
b1600	UNCLASSIFIED	NA
b1601	UNCLASSIFIED	NA
b1602	UNCLASSIFIED	NA
b1603	UNCLASSIFIED	NA
b1604	UNCLASSIFIED	NA
b1605	UNCLASSIFIED	NA
b1606	UNCLASSIFIED	NA
b1607	UNCLASSIFIED	NA
b1608	UNCLASSIFIED	NA
b1609	UNCLASSIFIED	NA
b1610	UNCLASSIFIED	NA
b1611	UNCLASSIFIED	NA
b1612	P2_I5_M12	0.92
b1613	UNCLASSIFIED	NA
b1614	UNCLASSIFIED	NA
b1615	UNCLASSIFIED	NA
b1616	UNCLASSIFIED	NA
b1617	P4_I3_M4	0.86
b1618	UNCLASSIFIED	NA
b1619	P1_I7_M1	0.89
b1620	UNCLASSIFIED	NA
b1621	P3_I4_M2	0.83
b1622	UNCLASSIFIED	NA
b1623	UNCLASSIFIED	NA
b1624	UNCLASSIFIED	NA
b1625	UNCLASSIFIED	NA
b1626	UNCLASSIFIED	NA
b1627	P5_I3_M6	0.84
b1628	P5_I3_M6	0.84
b1629	P2_I5_M3	0.82
b1630	UNCLASSIFIED	NA
b1631	UNCLASSIFIED	NA
b1632	UNCLASSIFIED	NA
b1633	UNCLASSIFIED	NA
b1634	UNCLASSIFIED	NA
b1635	P7_I1_M2	0.82
b1636	UNCLASSIFIED	NA
b1637	UNCLASSIFIED	NA
b1638	UNCLASSIFIED	NA
b1639	UNCLASSIFIED	NA
b1640	UNCLASSIFIED	NA
b1641	UNCLASSIFIED	NA
b1642	UNCLASSIFIED	NA
b1643	UNCLASSIFIED	NA
b1644	UNCLASSIFIED	NA
b1645	UNCLASSIFIED	NA
b1646	P1_I7_M1	0.96
b1647	P1_I7_M1	0.84
b1648	UNCLASSIFIED	NA
b1649	UNCLASSIFIED	NA
b1650	UNCLASSIFIED	NA
b1651	UNCLASSIFIED	NA
b1652	UNCLASSIFIED	NA
b1653	P5_I3_M1	0.83
b1654	UNCLASSIFIED	NA
b1655	UNCLASSIFIED	NA
b1656	P2_I5_M13	0.82
b1657	P5_I3_M5	0.92
b1658	UNCLASSIFIED	NA
b1659	P2_I5_M4	0.82
b1660	UNCLASSIFIED	NA
b1661	P2_I5_M9	0.86
b1662	UNCLASSIFIED	NA
b1663	UNCLASSIFIED	NA
b1664	P5_I3_M4	0.87
b1667	UNCLASSIFIED	NA
b1668	P5_I3_M1	0.95
b1669	UNCLASSIFIED	NA
b1670	UNCLASSIFIED	NA
b1671	UNCLASSIFIED	NA
b1672	UNCLASSIFIED	NA
b1673	P1_I7_M2	0.82
b1674	P1_I7_M2	0.9
b1675	UNCLASSIFIED	NA
b1676	UNCLASSIFIED	NA
b1677	P1_I7_M3	0.88
b1678	P1_I7_M1	0.96
b1679	P7_I1_M1	0.82
b1680	P7_I1_M1	0.93
b1681	P7_I1_M1	0.92
b1682	P7_I1_M1	0.9
b1683	P7_I1_M1	0.92
b1684	P7_I1_M1	0.92
b1685	P1_I7_M3	0.9
b1686	UNCLASSIFIED	NA
b1687	UNCLASSIFIED	NA
b1688	UNCLASSIFIED	NA
b1689	UNCLASSIFIED	NA
b1692	UNCLASSIFIED	NA
b1693	UNCLASSIFIED	NA
b1694	UNCLASSIFIED	NA
b1695	UNCLASSIFIED	NA
b1696	UNCLASSIFIED	NA
b1698	P7_I1_M2	0.86
b1699	UNCLASSIFIED	NA
b1701	UNCLASSIFIED	NA
b1702	UNCLASSIFIED	NA
b1703	UNCLASSIFIED	NA
b1704	UNCLASSIFIED	NA
b1705	UNCLASSIFIED	NA
b1706	P7_I1_M1	0.8
b1707	UNCLASSIFIED	NA
b1708	UNCLASSIFIED	NA
b1709	P1_I7_M1	0.9
b1710	P1_I7_M1	0.96
b1711	UNCLASSIFIED	NA
b1712	UNCLASSIFIED	NA
b1713	UNCLASSIFIED	NA
b1714	UNCLASSIFIED	NA
b1716	P2_I5_M17	0.81
b1717	P1_I7_M3	0.95
b1718	P2_I5_M17	0.82
b1719	UNCLASSIFIED	NA
b1722	P2_I5_M8	0.85
b1723	P2_I5_M4	0.85
b1724	P2_I5_M7	0.94
b1725	P7_I1_M2	0.87
b1726	UNCLASSIFIED	NA
b1727	UNCLASSIFIED	NA
b1728	UNCLASSIFIED	NA
b1729	P1_I7_M9	0.93
b1731	UNCLASSIFIED	NA
b1732	P3_I4_M1	0.95
b1733	UNCLASSIFIED	NA
b1734	UNCLASSIFIED	NA
b1735	UNCLASSIFIED	NA
b1737	UNCLASSIFIED	NA
b1738	UNCLASSIFIED	NA
b1739	P1_I7_M1	0.91
b1740	UNCLASSIFIED	NA
b1741	UNCLASSIFIED	NA
b1742	P1_I7_M4	0.95
b1743	UNCLASSIFIED	NA
b1744	P2_I5_M2	0.9
b1745	P2_I5_M2	0.9
b1746	P2_I5_M2	0.91
b1747	P2_I5_M2	0.94
b1748	P2_I5_M2	0.94
b1749	UNCLASSIFIED	NA
b1750	P1_I7_M2	0.83
b1751	P1_I7_M2	0.84
b1752	P1_I7_M2	0.85
b1753	UNCLASSIFIED	NA
b1754	UNCLASSIFIED	NA
b1755	UNCLASSIFIED	NA
b1756	UNCLASSIFIED	NA
b1757	P1_I7_M2	0.91
b1758	UNCLASSIFIED	NA
b1759	UNCLASSIFIED	NA
b1760	P1_I7_M4	0.84
b1761	UNCLASSIFIED	NA
b1762	UNCLASSIFIED	NA
b1763	UNCLASSIFIED	NA
b1764	UNCLASSIFIED	NA
b1765	UNCLASSIFIED	NA
b1766	UNCLASSIFIED	NA
b1767	UNCLASSIFIED	NA
b1768	UNCLASSIFIED	NA
b1769	UNCLASSIFIED	NA
b1770	UNCLASSIFIED	NA
b1771	UNCLASSIFIED	NA
b1772	UNCLASSIFIED	NA
b1773	UNCLASSIFIED	NA
b1774	UNCLASSIFIED	NA
b1775	UNCLASSIFIED	NA
b1776	UNCLASSIFIED	NA
b1777	UNCLASSIFIED	NA
b1778	UNCLASSIFIED	NA
b1779	UNCLASSIFIED	NA
b1780	UNCLASSIFIED	NA
b1781	UNCLASSIFIED	NA
b1782	UNCLASSIFIED	NA
b1783	P1_I7_M1	0.95
b1784	P1_I7_M1	0.94
b1785	UNCLASSIFIED	NA
b1786	UNCLASSIFIED	NA
b1787	UNCLASSIFIED	NA
b1789	UNCLASSIFIED	NA
b1790	UNCLASSIFIED	NA
b1791	UNCLASSIFIED	NA
b1792	UNCLASSIFIED	NA
b1793	P1_I7_M3	0.84
b1794	UNCLASSIFIED	NA
b1795	P2_I5_M7	0.83
b1796	UNCLASSIFIED	NA
b1797	UNCLASSIFIED	NA
b1798	UNCLASSIFIED	NA
b1799	P2_I5_M1	0.87
b1800	UNCLASSIFIED	NA
b1801	P3_I4_M2	0.83
b1802	UNCLASSIFIED	NA
b1803	UNCLASSIFIED	NA
b1804	UNCLASSIFIED	NA
b1805	P2_I5_M11	0.83
b1806	UNCLASSIFIED	NA
b1807	P5_I3_M6	0.85
b1808	UNCLASSIFIED	NA
b1809	UNCLASSIFIED	NA
b1810	P2_I5_M7	0.83
b1811	P6_I1_M3	0.85
b1812	P3_I4_M7	0.85
b1813	P1_I7_M1	0.84
b1814	UNCLASSIFIED	NA
b1815	P1_I7_M1	0.93
b1816	UNCLASSIFIED	NA
b1817	UNCLASSIFIED	NA
b1818	UNCLASSIFIED	NA
b1819	UNCLASSIFIED	NA
b1820	UNCLASSIFIED	NA
b1821	UNCLASSIFIED	NA
b1822	UNCLASSIFIED	NA
b1823	UNCLASSIFIED	NA
b1824	P6_I1_M3	0.84
b1825	UNCLASSIFIED	NA
b1826	P1_I7_M3	0.87
b1827	UNCLASSIFIED	NA
b1828	UNCLASSIFIED	NA
b1829	UNCLASSIFIED	NA
b1830	P5_I3_M6	0.82
b1831	UNCLASSIFIED	NA
b1832	UNCLASSIFIED	NA
b1833	UNCLASSIFIED	NA
b1834	P3_I4_M1	0.9
b1835	P5_I3_M6	0.86
b1836	P2_I5_M7	0.91
b1837	P2_I5_M14	0.86
b1838	UNCLASSIFIED	NA
b1839	P5_I3_M2	0.83
b1840	UNCLASSIFIED	NA
b1841	UNCLASSIFIED	NA
b1842	UNCLASSIFIED	NA
b1843	UNCLASSIFIED	NA
b1844	UNCLASSIFIED	NA
b1845	P3_I4_M1	0.92
b1846	UNCLASSIFIED	NA
b1847	P3_I4_M1	0.83
b1848	UNCLASSIFIED	NA
b1849	P2_I5_M10	0.92
b1850	UNCLASSIFIED	NA
b1851	UNCLASSIFIED	NA
b1852	UNCLASSIFIED	NA
b1853	P3_I4_M2	0.8
b1854	UNCLASSIFIED	NA
b1855	UNCLASSIFIED	NA
b1856	UNCLASSIFIED	NA
b1857	UNCLASSIFIED	NA
b1858	UNCLASSIFIED	NA
b1859	UNCLASSIFIED	NA
b1860	UNCLASSIFIED	NA
b1861	UNCLASSIFIED	NA
b1863	UNCLASSIFIED	NA
b1864	UNCLASSIFIED	NA
b1865	UNCLASSIFIED	NA
b1866	UNCLASSIFIED	NA
b1867	UNCLASSIFIED	NA
b1868	UNCLASSIFIED	NA
b1869	UNCLASSIFIED	NA
b1870	UNCLASSIFIED	NA
b1871	UNCLASSIFIED	NA
b1872	UNCLASSIFIED	NA
b1873	UNCLASSIFIED	NA
b1874	UNCLASSIFIED	NA
b1875	UNCLASSIFIED	NA
b1876	P2_I5_M3	0.93
b1877	UNCLASSIFIED	NA
b1878	P1_I7_M4	0.93
b1879	P1_I7_M4	0.95
b1880	P1_I7_M4	0.97
b1881	P1_I7_M4	0.95
b1882	P1_I7_M4	0.93
b1883	P1_I7_M4	0.95
b1884	P1_I7_M4	0.96
b1885	P1_I7_M4	0.98
b1886	P1_I7_M4	0.98
b1887	P1_I7_M4	0.97
b1888	P1_I7_M4	0.98
b1889	P1_I7_M4	0.98
b1890	P1_I7_M4	0.97
b1891	UNCLASSIFIED	NA
b1892	UNCLASSIFIED	NA
b1893	UNCLASSIFIED	NA
b1894	UNCLASSIFIED	NA
b1895	UNCLASSIFIED	NA
b1896	P3_I4_M1	0.95
b1897	P1_I7_M1	0.94
b1900	P2_I5_M1	0.89
b1901	P2_I5_M1	0.88
b1902	UNCLASSIFIED	NA
b1904	P1_I7_M4	0.95
b1905	UNCLASSIFIED	NA
b1906	P1_I7_M2	0.81
b1907	UNCLASSIFIED	NA
b1908	UNCLASSIFIED	NA
b1912	UNCLASSIFIED	NA
b1913	UNCLASSIFIED	NA
b1914	UNCLASSIFIED	NA
b1915	P2_I5_M17	0.86
b1916	UNCLASSIFIED	NA
b1917	UNCLASSIFIED	NA
b1918	UNCLASSIFIED	NA
b1919	UNCLASSIFIED	NA
b1920	UNCLASSIFIED	NA
b1921	P1_I7_M4	0.97
b1922	P1_I7_M4	0.97
b1923	P1_I7_M4	0.98
b1924	P1_I7_M4	0.99
b1925	P1_I7_M4	0.96
b1926	P1_I7_M4	0.95
b1927	P3_I4_M1	0.89
b1928	UNCLASSIFIED	NA
b1929	P2_I5_M19	0.84
b1930	P4_I3_M3	0.82
b1931	P1_I7_M1	0.85
b1932	UNCLASSIFIED	NA
b1937	P1_I7_M4	0.92
b1938	P1_I7_M4	0.98
b1939	P1_I7_M4	0.98
b1940	P1_I7_M4	0.97
b1941	P1_I7_M4	0.97
b1942	P1_I7_M4	0.97
b1943	P1_I7_M4	0.96
b1944	P1_I7_M4	0.96
b1945	P1_I7_M4	0.98
b1946	P1_I7_M4	0.97
b1947	P1_I7_M4	0.91
b1948	P1_I7_M4	0.96
b1949	P1_I7_M4	0.86
b1950	P1_I7_M4	0.91
b1951	UNCLASSIFIED	NA
b1952	P3_I4_M5	0.82
b1953	P2_I5_M7	0.89
b1955	P1_I7_M1	0.96
b1956	P7_I1_M2	0.86
b1957	P5_I3_M3	0.81
b1958	P5_I3_M4	0.84
b1959	UNCLASSIFIED	NA
b1960	UNCLASSIFIED	NA
b1961	UNCLASSIFIED	NA
b1962	P5_I3_M5	0.8
b1963	P5_I3_M5	0.91
b1967	P1_I7_M1	0.89
b1968	UNCLASSIFIED	NA
b1969	UNCLASSIFIED	NA
b1970	UNCLASSIFIED	NA
b1971	P5_I3_M4	0.88
b1972	UNCLASSIFIED	NA
b1973	UNCLASSIFIED	NA
b1974	UNCLASSIFIED	NA
b1976	P3_I4_M2	0.84
b1978	P2_I5_M6	0.82
b1981	UNCLASSIFIED	NA
b1982	UNCLASSIFIED	NA
b1983	UNCLASSIFIED	NA
b1985	UNCLASSIFIED	NA
b1987	UNCLASSIFIED	NA
b1988	UNCLASSIFIED	NA
b1990	P1_I7_M1	0.89
b1991	UNCLASSIFIED	NA
b1992	UNCLASSIFIED	NA
b1993	UNCLASSIFIED	NA
b1994	P2_I5_M19	0.96
b1996	P2_I5_M4	0.87
b1997	P2_I5_M6	0.86
b1999	UNCLASSIFIED	NA
b2000	UNCLASSIFIED	NA
b2001	UNCLASSIFIED	NA
b2002	UNCLASSIFIED	NA
b2007	UNCLASSIFIED	NA
b2008	UNCLASSIFIED	NA
b2009	UNCLASSIFIED	NA
b2010	UNCLASSIFIED	NA
b2011	UNCLASSIFIED	NA
b2012	UNCLASSIFIED	NA
b2013	P1_I7_M9	0.9
b2014	P1_I7_M7	0.9
b2015	P2_I5_M6	0.83
b2016	P4_I3_M2	0.87
b2017	UNCLASSIFIED	NA
b2019	UNCLASSIFIED	NA
b2020	UNCLASSIFIED	NA
b2021	UNCLASSIFIED	NA
b2022	UNCLASSIFIED	NA
b2023	UNCLASSIFIED	NA
b2024	UNCLASSIFIED	NA
b2025	UNCLASSIFIED	NA
b2026	UNCLASSIFIED	NA
b2027	P2_I5_M8	0.84
b2028	UNCLASSIFIED	NA
b2029	UNCLASSIFIED	NA
b2030	P2_I5_M19	0.99
b2032	P2_I5_M15	0.96
b2033	P2_I5_M15	0.81
b2034	P2_I5_M15	0.94
b2035	P2_I5_M15	0.92
b2036	P2_I5_M15	0.82
b2037	P2_I5_M15	0.96
b2038	P2_I5_M15	0.88
b2039	UNCLASSIFIED	NA
b2040	P1_I7_M7	0.8
b2041	P2_I5_M8	0.8
b2042	UNCLASSIFIED	NA
b2043	UNCLASSIFIED	NA
b2044	P2_I5_M5	0.84
b2045	P2_I5_M5	0.91
b2046	P2_I5_M5	0.9
b2047	P2_I5_M5	0.93
b2048	P2_I5_M5	0.9
b2049	P2_I5_M5	0.92
b2050	P2_I5_M5	0.92
b2051	P2_I5_M5	0.9
b2052	P2_I5_M5	0.96
b2053	P2_I5_M5	0.96
b2054	P2_I5_M5	0.87
b2055	P2_I5_M5	0.92
b2056	P2_I5_M5	0.9
b2057	P2_I5_M5	0.92
b2058	P2_I5_M5	0.85
b2059	P2_I5_M5	0.94
b2060	P2_I5_M5	0.97
b2061	P2_I5_M5	0.9
b2062	P2_I5_M5	0.95
b2063	UNCLASSIFIED	NA
b2064	UNCLASSIFIED	NA
b2065	UNCLASSIFIED	NA
b2066	UNCLASSIFIED	NA
b2067	UNCLASSIFIED	NA
b2068	P2_I5_M6	0.84
b2069	UNCLASSIFIED	NA
b2070	UNCLASSIFIED	NA
b2074	P2_I5_M4	0.85
b2075	UNCLASSIFIED	NA
b2076	UNCLASSIFIED	NA
b2077	UNCLASSIFIED	NA
b2078	UNCLASSIFIED	NA
b2079	P4_I3_M2	0.86
b2080	P1_I7_M1	0.88
b2081	UNCLASSIFIED	NA
b2082	UNCLASSIFIED	NA
b2085	P2_I5_M16	0.9
b2086	P1_I7_M1	0.95
b2091	P1_I7_M10	0.99
b2092_1	P1_I7_M10	0.98
b2092_2	P1_I7_M10	0.97
b2093	P1_I7_M10	0.98
b2094	P1_I7_M10	0.98
b2095	P1_I7_M10	0.97
b2096	P1_I7_M10	0.95
b2097	P1_I7_M1	0.93
b2098	UNCLASSIFIED	NA
b2099	UNCLASSIFIED	NA
b2100	UNCLASSIFIED	NA
b2101	UNCLASSIFIED	NA
b2102	UNCLASSIFIED	NA
b2103	UNCLASSIFIED	NA
b2104	UNCLASSIFIED	NA
b2105	UNCLASSIFIED	NA
b2106	UNCLASSIFIED	NA
b2107	UNCLASSIFIED	NA
b2109	UNCLASSIFIED	NA
b2111	P1_I7_M2	0.87
b2112	P5_I3_M3	0.82
b2113	UNCLASSIFIED	NA
b2114	UNCLASSIFIED	NA
b2118	UNCLASSIFIED	NA
b2119	UNCLASSIFIED	NA
b2120	UNCLASSIFIED	NA
b2121	UNCLASSIFIED	NA
b2122	UNCLASSIFIED	NA
b2124	UNCLASSIFIED	NA
b2125	UNCLASSIFIED	NA
b2126	P3_I4_M2	0.82
b2127	P1_I7_M1	0.92
b2128	P3_I4_M1	0.89
b2129	P1_I7_M1	0.93
b2130	P3_I4_M1	0.94
b2131	P1_I7_M1	0.97
b2132	UNCLASSIFIED	NA
b2133	UNCLASSIFIED	NA
b2134	UNCLASSIFIED	NA
b2135	P1_I7_M1	0.88
b2136	P2_I5_M6	0.86
b2137	P1_I7_M1	0.96
b2139_2	UNCLASSIFIED	NA
b2140	P2_I5_M3	0.82
b2141	UNCLASSIFIED	NA
b2142	P2_I5_M6	0.85
b2143	UNCLASSIFIED	NA
b2144	UNCLASSIFIED	NA
b2145	UNCLASSIFIED	NA
b2146	P3_I4_M2	0.87
b2147	P3_I4_M2	0.84
b2148	P2_I5_M12	0.89
b2149	P2_I5_M12	0.91
b2150	P2_I5_M12	0.9
b2151	P1_I7_M5	0.88
b2152	UNCLASSIFIED	NA
b2153	UNCLASSIFIED	NA
b2154	UNCLASSIFIED	NA
b2155	P1_I7_M6	0.94
b2156	UNCLASSIFIED	NA
b2157	UNCLASSIFIED	NA
b2158	UNCLASSIFIED	NA
b2159	P5_I3_M4	0.82
b2160	UNCLASSIFIED	NA
b2161	UNCLASSIFIED	NA
b2162	UNCLASSIFIED	NA
b2163	UNCLASSIFIED	NA
b2164	UNCLASSIFIED	NA
b2165	P1_I7_M5	0.8
b2166	P1_I7_M5	0.8
b2167	UNCLASSIFIED	NA
b2168	UNCLASSIFIED	NA
b2169	UNCLASSIFIED	NA
b2170	UNCLASSIFIED	NA
b2171	P1_I7_M7	0.8
b2172	UNCLASSIFIED	NA
b2173	UNCLASSIFIED	NA
b2174	UNCLASSIFIED	NA
b2175	UNCLASSIFIED	NA
b2176	UNCLASSIFIED	NA
b2177	UNCLASSIFIED	NA
b2178	UNCLASSIFIED	NA
b2179	UNCLASSIFIED	NA
b2180	UNCLASSIFIED	NA
b2181	P3_I4_M4	0.81
b2182	UNCLASSIFIED	NA
b2183	UNCLASSIFIED	NA
b2184	UNCLASSIFIED	NA
b2185	UNCLASSIFIED	NA
b2186	P2_I5_M3	0.89
b2187	P6_I1_M3	0.89
b2188	UNCLASSIFIED	NA
b2190_2	UNCLASSIFIED	NA
b2192	P2_I5_M19	0.98
b2193	UNCLASSIFIED	NA
b2194	UNCLASSIFIED	NA
b2195	UNCLASSIFIED	NA
b2196	UNCLASSIFIED	NA
b2197	UNCLASSIFIED	NA
b2199	UNCLASSIFIED	NA
b2200	UNCLASSIFIED	NA
b2201	P1_I7_M2	0.82
b2202	P1_I7_M2	0.86
b2203	UNCLASSIFIED	NA
b2204	UNCLASSIFIED	NA
b2205	UNCLASSIFIED	NA
b2206	UNCLASSIFIED	NA
b2207	UNCLASSIFIED	NA
b2208	UNCLASSIFIED	NA
b2209	UNCLASSIFIED	NA
b2210	UNCLASSIFIED	NA
b2211	UNCLASSIFIED	NA
b2212	P1_I7_M1	0.8
b2213	P1_I7_M1	0.89
b2214	UNCLASSIFIED	NA
b2215	UNCLASSIFIED	NA
b2216	UNCLASSIFIED	NA
b2217	UNCLASSIFIED	NA
b2218	UNCLASSIFIED	NA
b2219	P3_I4_M2	0.86
b2220	UNCLASSIFIED	NA
b2223	UNCLASSIFIED	NA
b2224	UNCLASSIFIED	NA
b2225	UNCLASSIFIED	NA
b2226	UNCLASSIFIED	NA
b2230	UNCLASSIFIED	NA
b2231	UNCLASSIFIED	NA
b2232	UNCLASSIFIED	NA
b2233	P2_I5_M6	0.81
b2234	UNCLASSIFIED	NA
b2235	UNCLASSIFIED	NA
b2236	UNCLASSIFIED	NA
b2237	UNCLASSIFIED	NA
b2239	UNCLASSIFIED	NA
b2240	UNCLASSIFIED	NA
b2241	UNCLASSIFIED	NA
b2242	UNCLASSIFIED	NA
b2243	UNCLASSIFIED	NA
b2244	P1_I7_M3	0.82
b2245	UNCLASSIFIED	NA
b2246	UNCLASSIFIED	NA
b2247	P1_I7_M5	0.88
b2248	UNCLASSIFIED	NA
b2249	UNCLASSIFIED	NA
b2250	UNCLASSIFIED	NA
b2251	UNCLASSIFIED	NA
b2253	P5_I3_M1	0.86
b2254	P5_I3_M1	0.86
b2255	P5_I3_M1	0.83
b2256	P5_I3_M1	0.81
b2257	UNCLASSIFIED	NA
b2259	UNCLASSIFIED	NA
b2260	UNCLASSIFIED	NA
b2261	UNCLASSIFIED	NA
b2262	UNCLASSIFIED	NA
b2263	UNCLASSIFIED	NA
b2264	UNCLASSIFIED	NA
b2265	UNCLASSIFIED	NA
b2266	P2_I5_M7	0.9
b2267	UNCLASSIFIED	NA
b2268	UNCLASSIFIED	NA
b2269	UNCLASSIFIED	NA
b2270	UNCLASSIFIED	NA
b2272	UNCLASSIFIED	NA
b2274	UNCLASSIFIED	NA
b2275	UNCLASSIFIED	NA
b2276	P2_I5_M13	0.92
b2277	P2_I5_M13	0.93
b2278	P2_I5_M13	0.92
b2279	P4_I3_M3	0.81
b2280	UNCLASSIFIED	NA
b2281	P2_I5_M13	0.85
b2282	P2_I5_M13	0.95
b2283	P2_I5_M13	0.9
b2284	P2_I5_M13	0.85
b2285	UNCLASSIFIED	NA
b2286	P2_I5_M13	0.86
b2287	UNCLASSIFIED	NA
b2288	UNCLASSIFIED	NA
b2289	UNCLASSIFIED	NA
b2290	UNCLASSIFIED	NA
b2291	UNCLASSIFIED	NA
b2292	P1_I7_M2	0.89
b2293	UNCLASSIFIED	NA
b2294	UNCLASSIFIED	NA
b2295	UNCLASSIFIED	NA
b2296	UNCLASSIFIED	NA
b2297	UNCLASSIFIED	NA
b2298	P1_I7_M2	0.92
b2299	UNCLASSIFIED	NA
b2300	UNCLASSIFIED	NA
b2301	P1_I7_M1	0.86
b2302	P1_I7_M1	0.95
b2303	UNCLASSIFIED	NA
b2304	UNCLASSIFIED	NA
b2305	UNCLASSIFIED	NA
b2306	UNCLASSIFIED	NA
b2307	UNCLASSIFIED	NA
b2308	UNCLASSIFIED	NA
b2309	UNCLASSIFIED	NA
b2310	P2_I5_M11	0.86
b2311	UNCLASSIFIED	NA
b2312	P2_I5_M10	0.97
b2313	P2_I5_M8	0.83
b2314	UNCLASSIFIED	NA
b2315	P2_I5_M3	0.8
b2316	UNCLASSIFIED	NA
b2317	UNCLASSIFIED	NA
b2318	UNCLASSIFIED	NA
b2319	UNCLASSIFIED	NA
b2320	UNCLASSIFIED	NA
b2321	UNCLASSIFIED	NA
b2322	UNCLASSIFIED	NA
b2323	UNCLASSIFIED	NA
b2324	UNCLASSIFIED	NA
b2325	P5_I3_M2	0.8
b2326	P5_I3_M6	0.81
b2327	P2_I5_M8	0.86
b2328	UNCLASSIFIED	NA
b2329	UNCLASSIFIED	NA
b2330	UNCLASSIFIED	NA
b2331	UNCLASSIFIED	NA
b2332	UNCLASSIFIED	NA
b2340	UNCLASSIFIED	NA
b2341	P2_I5_M11	0.88
b2342	P2_I5_M11	0.89
b2343	UNCLASSIFIED	NA
b2344	P2_I5_M12	0.82
b2345	UNCLASSIFIED	NA
b2346	UNCLASSIFIED	NA
b2347	P1_I7_M1	0.96
b2349	UNCLASSIFIED	NA
b2350	UNCLASSIFIED	NA
b2351	P2_I5_M8	0.82
b2352	UNCLASSIFIED	NA
b2354	UNCLASSIFIED	NA
b2360	UNCLASSIFIED	NA
b2364	UNCLASSIFIED	NA
b2365	UNCLASSIFIED	NA
b2366	UNCLASSIFIED	NA
b2367	P2_I5_M16	0.87
b2368	P2_I5_M16	0.91
b2369	UNCLASSIFIED	NA
b2370	UNCLASSIFIED	NA
b2371	P2_I5_M16	0.91
b2372	P2_I5_M16	0.95
b2373	P2_I5_M16	0.96
b2374	P2_I5_M16	0.96
b2375	P2_I5_M16	0.95
b2376	P2_I5_M16	0.83
b2377	P3_I4_M5	0.86
b2378	UNCLASSIFIED	NA
b2379	UNCLASSIFIED	NA
b2380	UNCLASSIFIED	NA
b2381	P2_I5_M6	0.87
b2382	UNCLASSIFIED	NA
b2383	UNCLASSIFIED	NA
b2384	UNCLASSIFIED	NA
b2385	UNCLASSIFIED	NA
b2386	UNCLASSIFIED	NA
b2388	UNCLASSIFIED	NA
b2389	P2_I5_M6	0.81
b2390	UNCLASSIFIED	NA
b2392	P7_I1_M1	0.87
b2393	UNCLASSIFIED	NA
b2394	UNCLASSIFIED	NA
b2395	UNCLASSIFIED	NA
b2398	P4_I3_M3	0.87
b2399	P4_I3_M3	0.87
b2400	P2_I5_M3	0.83
b2405	UNCLASSIFIED	NA
b2406	UNCLASSIFIED	NA
b2408	UNCLASSIFIED	NA
b2409	UNCLASSIFIED	NA
b2410	UNCLASSIFIED	NA
b2411	UNCLASSIFIED	NA
b2412	P2_I5_M4	0.83
b2413	UNCLASSIFIED	NA
b2414	P1_I7_M9	0.9
b2415	P1_I7_M3	0.85
b2416	UNCLASSIFIED	NA
b2417	UNCLASSIFIED	NA
b2418	UNCLASSIFIED	NA
b2419	UNCLASSIFIED	NA
b2420	UNCLASSIFIED	NA
b2421	P1_I7_M9	0.88
b2422	P1_I7_M9	0.92
b2423	P1_I7_M9	0.96
b2424	P1_I7_M9	0.97
b2425	P1_I7_M9	0.96
b2426	P3_I4_M2	0.86
b2427	UNCLASSIFIED	NA
b2428	UNCLASSIFIED	NA
b2429	P4_I3_M4	0.81
b2430	P4_I3_M4	0.84
b2431	UNCLASSIFIED	NA
b2432	UNCLASSIFIED	NA
b2433	UNCLASSIFIED	NA
b2434	UNCLASSIFIED	NA
b2435	UNCLASSIFIED	NA
b2436	UNCLASSIFIED	NA
b2437	UNCLASSIFIED	NA
b2438	UNCLASSIFIED	NA
b2439	UNCLASSIFIED	NA
b2440	UNCLASSIFIED	NA
b2441	UNCLASSIFIED	NA
b2442	UNCLASSIFIED	NA
b2443	UNCLASSIFIED	NA
b2446	UNCLASSIFIED	NA
b2447	UNCLASSIFIED	NA
b2449	P3_I4_M5	0.81
b2450	UNCLASSIFIED	NA
b2451	P7_I1_M2	0.84
b2452	P7_I1_M2	0.82
b2453	UNCLASSIFIED	NA
b2455	UNCLASSIFIED	NA
b2458	UNCLASSIFIED	NA
b2463	P2_I5_M11	0.89
b2464	P1_I7_M1	0.95
b2465	P3_I4_M1	0.95
b2466	UNCLASSIFIED	NA
b2467	UNCLASSIFIED	NA
b2468	P1_I7_M2	0.83
b2469	P1_I7_M2	0.83
b2470	UNCLASSIFIED	NA
b2471	UNCLASSIFIED	NA
b2472	UNCLASSIFIED	NA
b2473	P2_I5_M6	0.82
b2474	P3_I4_M7	0.9
b2475	UNCLASSIFIED	NA
b2476	P2_I5_M10	0.93
b2477	UNCLASSIFIED	NA
b2478	UNCLASSIFIED	NA
b2479	UNCLASSIFIED	NA
b2480	UNCLASSIFIED	NA
b2482	UNCLASSIFIED	NA
b2484	UNCLASSIFIED	NA
b2486	UNCLASSIFIED	NA
b2487	P7_I1_M2	0.84
b2489	UNCLASSIFIED	NA
b2491	UNCLASSIFIED	NA
b2492	UNCLASSIFIED	NA
b2493	UNCLASSIFIED	NA
b2494	P2_I5_M4	0.82
b2495	UNCLASSIFIED	NA
b2496	UNCLASSIFIED	NA
b2497	UNCLASSIFIED	NA
b2498	UNCLASSIFIED	NA
b2499	P2_I5_M10	0.93
b2500	P2_I5_M10	0.93
b2501	UNCLASSIFIED	NA
b2502	UNCLASSIFIED	NA
b2503	P1_I7_M2	0.84
b2504	P6_I1_M3	0.89
b2506	UNCLASSIFIED	NA
b2507	UNCLASSIFIED	NA
b2508	UNCLASSIFIED	NA
b2509	UNCLASSIFIED	NA
b2510	P1_I7_M3	0.8
b2511	UNCLASSIFIED	NA
b2512	UNCLASSIFIED	NA
b2513	UNCLASSIFIED	NA
b2514	UNCLASSIFIED	NA
b2515	UNCLASSIFIED	NA
b2516	UNCLASSIFIED	NA
b2517	UNCLASSIFIED	NA
b2518	P2_I5_M12	0.83
b2519	UNCLASSIFIED	NA
b2520	UNCLASSIFIED	NA
b2521	UNCLASSIFIED	NA
b2522	UNCLASSIFIED	NA
b2523	UNCLASSIFIED	NA
b2524	P2_I5_M17	0.86
b2525	UNCLASSIFIED	NA
b2526	UNCLASSIFIED	NA
b2527	UNCLASSIFIED	NA
b2528	UNCLASSIFIED	NA
b2529	UNCLASSIFIED	NA
b2530	UNCLASSIFIED	NA
b2531	UNCLASSIFIED	NA
b2532	UNCLASSIFIED	NA
b2533	P1_I7_M7	0.91
b2535	P2_I5_M1	0.83
b2536	UNCLASSIFIED	NA
b2537	P2_I5_M11	0.92
b2538	UNCLASSIFIED	NA
b2539	UNCLASSIFIED	NA
b2540	UNCLASSIFIED	NA
b2541	UNCLASSIFIED	NA
b2542	UNCLASSIFIED	NA
b2543	P1_I7_M1	0.86
b2544	UNCLASSIFIED	NA
b2545	UNCLASSIFIED	NA
b2546	UNCLASSIFIED	NA
b2547	UNCLASSIFIED	NA
b2548	UNCLASSIFIED	NA
b2549	UNCLASSIFIED	NA
b2550	UNCLASSIFIED	NA
b2551	UNCLASSIFIED	NA
b2552	UNCLASSIFIED	NA
b2553	UNCLASSIFIED	NA
b2554	UNCLASSIFIED	NA
b2555	UNCLASSIFIED	NA
b2556	P2_I5_M6	0.84
b2557	P2_I5_M10	0.93
b2558	UNCLASSIFIED	NA
b2559	UNCLASSIFIED	NA
b2560	P2_I5_M6	0.83
b2561	UNCLASSIFIED	NA
b2562	UNCLASSIFIED	NA
b2563	UNCLASSIFIED	NA
b2564	UNCLASSIFIED	NA
b2565	UNCLASSIFIED	NA
b2566	UNCLASSIFIED	NA
b2567	UNCLASSIFIED	NA
b2568	UNCLASSIFIED	NA
b2569	UNCLASSIFIED	NA
b2570	UNCLASSIFIED	NA
b2571	UNCLASSIFIED	NA
b2572	P1_I7_M1	0.81
b2573	UNCLASSIFIED	NA
b2574	UNCLASSIFIED	NA
b2575	P5_I3_M6	0.81
b2576	UNCLASSIFIED	NA
b2577	UNCLASSIFIED	NA
b2578	UNCLASSIFIED	NA
b2579	UNCLASSIFIED	NA
b2580	UNCLASSIFIED	NA
b2581	UNCLASSIFIED	NA
b2582	UNCLASSIFIED	NA
b2583	UNCLASSIFIED	NA
b2584	P2_I5_M1	0.88
b2585	UNCLASSIFIED	NA
b2586	UNCLASSIFIED	NA
b2587	P3_I4_M4	0.85
b2592	UNCLASSIFIED	NA
b2593	UNCLASSIFIED	NA
b2594	UNCLASSIFIED	NA
b2595	UNCLASSIFIED	NA
b2597	UNCLASSIFIED	NA
b2599	UNCLASSIFIED	NA
b2600	UNCLASSIFIED	NA
b2601	UNCLASSIFIED	NA
b2602	P2_I5_M7	0.86
b2603	UNCLASSIFIED	NA
b2604	UNCLASSIFIED	NA
b2605	UNCLASSIFIED	NA
b2606	P5_I3_M2	0.9
b2607	P1_I7_M8	0.88
b2608	P1_I7_M8	0.82
b2609	P5_I3_M2	0.83
b2610	UNCLASSIFIED	NA
b2611	UNCLASSIFIED	NA
b2614	UNCLASSIFIED	NA
b2615	P4_I3_M2	0.87
b2616	UNCLASSIFIED	NA
b2617	UNCLASSIFIED	NA
b2618	UNCLASSIFIED	NA
b2619	UNCLASSIFIED	NA
b2620	UNCLASSIFIED	NA
b2622	UNCLASSIFIED	NA
b2623	UNCLASSIFIED	NA
b2625	UNCLASSIFIED	NA
b2627	UNCLASSIFIED	NA
b2628	UNCLASSIFIED	NA
b2630	UNCLASSIFIED	NA
b2631	UNCLASSIFIED	NA
b2632	P7_I1_M2	0.85
b2633	UNCLASSIFIED	NA
b2634	UNCLASSIFIED	NA
b2641_2	UNCLASSIFIED	NA
b2642	UNCLASSIFIED	NA
b2647	P1_I7_M1	0.89
b2650	UNCLASSIFIED	NA
b2659	P2_I5_M2	0.94
b2660	P2_I5_M2	0.93
b2661	P2_I5_M2	0.92
b2662	P2_I5_M2	0.91
b2663	P2_I5_M2	0.91
b2664	UNCLASSIFIED	NA
b2665	P1_I7_M1	0.94
b2666	UNCLASSIFIED	NA
b2667	UNCLASSIFIED	NA
b2668	UNCLASSIFIED	NA
b2669	UNCLASSIFIED	NA
b2670	UNCLASSIFIED	NA
b2671	UNCLASSIFIED	NA
b2672	P1_I7_M1	0.92
b2673	P1_I7_M6	0.88
b2674	P1_I7_M6	0.92
b2675	P1_I7_M6	0.92
b2676	P1_I7_M6	0.89
b2677	UNCLASSIFIED	NA
b2678	UNCLASSIFIED	NA
b2679	UNCLASSIFIED	NA
b2681_1	UNCLASSIFIED	NA
b2681_2	UNCLASSIFIED	NA
b2682	UNCLASSIFIED	NA
b2683	UNCLASSIFIED	NA
b2684	UNCLASSIFIED	NA
b2685	P1_I7_M7	0.8
b2686	UNCLASSIFIED	NA
b2687	UNCLASSIFIED	NA
b2688	UNCLASSIFIED	NA
b2689	UNCLASSIFIED	NA
b2690	UNCLASSIFIED	NA
b2696	P1_I7_M3	0.96
b2697	UNCLASSIFIED	NA
b2698	UNCLASSIFIED	NA
b2699	UNCLASSIFIED	NA
b2700	UNCLASSIFIED	NA
b2701	P3_I4_M1	0.84
b2702	UNCLASSIFIED	NA
b2703	UNCLASSIFIED	NA
b2704	UNCLASSIFIED	NA
b2705	UNCLASSIFIED	NA
b2706	UNCLASSIFIED	NA
b2707	UNCLASSIFIED	NA
b2708	UNCLASSIFIED	NA
b2709	UNCLASSIFIED	NA
b2710	P7_I1_M2	0.85
b2711	UNCLASSIFIED	NA
b2712	P1_I7_M2	0.82
b2713	UNCLASSIFIED	NA
b2714	UNCLASSIFIED	NA
b2715	UNCLASSIFIED	NA
b2716	UNCLASSIFIED	NA
b2717	UNCLASSIFIED	NA
b2718	UNCLASSIFIED	NA
b2719	UNCLASSIFIED	NA
b2720	UNCLASSIFIED	NA
b2721	UNCLASSIFIED	NA
b2722	UNCLASSIFIED	NA
b2723	UNCLASSIFIED	NA
b2724	UNCLASSIFIED	NA
b2725	UNCLASSIFIED	NA
b2726	UNCLASSIFIED	NA
b2727	P1_I7_M2	0.93
b2728	P1_I7_M2	0.84
b2729	P1_I7_M2	0.9
b2730	UNCLASSIFIED	NA
b2731	UNCLASSIFIED	NA
b2732	UNCLASSIFIED	NA
b2733	UNCLASSIFIED	NA
b2735	UNCLASSIFIED	NA
b2736	UNCLASSIFIED	NA
b2737	UNCLASSIFIED	NA
b2738	UNCLASSIFIED	NA
b2739	UNCLASSIFIED	NA
b2740	UNCLASSIFIED	NA
b2741	P5_I3_M4	0.84
b2742	UNCLASSIFIED	NA
b2743	UNCLASSIFIED	NA
b2744	UNCLASSIFIED	NA
b2745	UNCLASSIFIED	NA
b2746	UNCLASSIFIED	NA
b2747	UNCLASSIFIED	NA
b2748	UNCLASSIFIED	NA
b2749	UNCLASSIFIED	NA
b2750	P1_I7_M9	0.94
b2751	P1_I7_M9	0.97
b2752	P1_I7_M9	0.98
b2753	UNCLASSIFIED	NA
b2754	UNCLASSIFIED	NA
b2755	UNCLASSIFIED	NA
b2756	UNCLASSIFIED	NA
b2757	UNCLASSIFIED	NA
b2758	UNCLASSIFIED	NA
b2760	UNCLASSIFIED	NA
b2761	UNCLASSIFIED	NA
b2762	P1_I7_M9	0.95
b2763	P1_I7_M9	0.97
b2764	P1_I7_M9	0.98
b2765	P5_I3_M2	0.83
b2766	UNCLASSIFIED	NA
b2768	UNCLASSIFIED	NA
b2769	UNCLASSIFIED	NA
b2770	UNCLASSIFIED	NA
b2771	UNCLASSIFIED	NA
b2774	UNCLASSIFIED	NA
b2775	UNCLASSIFIED	NA
b2776	UNCLASSIFIED	NA
b2777	UNCLASSIFIED	NA
b2779	UNCLASSIFIED	NA
b2780	UNCLASSIFIED	NA
b2781	UNCLASSIFIED	NA
b2782	P3_I4_M5	0.81
b2783	P2_I5_M14	0.87
b2784	UNCLASSIFIED	NA
b2785	UNCLASSIFIED	NA
b2786	UNCLASSIFIED	NA
b2787	UNCLASSIFIED	NA
b2788	UNCLASSIFIED	NA
b2789	UNCLASSIFIED	NA
b2790	UNCLASSIFIED	NA
b2791	UNCLASSIFIED	NA
b2792	UNCLASSIFIED	NA
b2793	UNCLASSIFIED	NA
b2794	UNCLASSIFIED	NA
b2795	UNCLASSIFIED	NA
b2796	UNCLASSIFIED	NA
b2797	UNCLASSIFIED	NA
b2798	UNCLASSIFIED	NA
b2799	P3_I4_M2	0.91
b2800	UNCLASSIFIED	NA
b2801	P3_I4_M2	0.89
b2802	P1_I7_M5	0.83
b2803	UNCLASSIFIED	NA
b2804	UNCLASSIFIED	NA
b2805	P3_I4_M2	0.85
b2806	UNCLASSIFIED	NA
b2807	UNCLASSIFIED	NA
b2808	UNCLASSIFIED	NA
b2809	P5_I3_M3	0.89
b2810	UNCLASSIFIED	NA
b2811	UNCLASSIFIED	NA
b2812	UNCLASSIFIED	NA
b2813	P1_I7_M7	0.81
b2817	UNCLASSIFIED	NA
b2818	UNCLASSIFIED	NA
b2819	UNCLASSIFIED	NA
b2820	UNCLASSIFIED	NA
b2821	UNCLASSIFIED	NA
b2822	UNCLASSIFIED	NA
b2823	UNCLASSIFIED	NA
b2825	UNCLASSIFIED	NA
b2827	UNCLASSIFIED	NA
b2828	UNCLASSIFIED	NA
b2829	UNCLASSIFIED	NA
b2830	UNCLASSIFIED	NA
b2831	UNCLASSIFIED	NA
b2832	UNCLASSIFIED	NA
b2833	UNCLASSIFIED	NA
b2834	P3_I4_M3	0.89
b2835	UNCLASSIFIED	NA
b2836	UNCLASSIFIED	NA
b2837	UNCLASSIFIED	NA
b2838	UNCLASSIFIED	NA
b2839	UNCLASSIFIED	NA
b2840	UNCLASSIFIED	NA
b2841	UNCLASSIFIED	NA
b2842	UNCLASSIFIED	NA
b2843	UNCLASSIFIED	NA
b2844	P2_I5_M12	0.91
b2845	UNCLASSIFIED	NA
b2846	UNCLASSIFIED	NA
b2847	UNCLASSIFIED	NA
b2848	UNCLASSIFIED	NA
b2852	UNCLASSIFIED	NA
b2859	UNCLASSIFIED	NA
b2860	P2_I5_M4	0.86
b2861	P2_I5_M6	0.81
b2863	UNCLASSIFIED	NA
b2865	UNCLASSIFIED	NA
b2866	P2_I5_M1	0.89
b2867	UNCLASSIFIED	NA
b2868	UNCLASSIFIED	NA
b2869	P3_I4_M2	0.89
b2870	UNCLASSIFIED	NA
b2871	UNCLASSIFIED	NA
b2872	UNCLASSIFIED	NA
b2873	UNCLASSIFIED	NA
b2874	UNCLASSIFIED	NA
b2875	UNCLASSIFIED	NA
b2876	P3_I4_M2	0.83
b2877	UNCLASSIFIED	NA
b2878	UNCLASSIFIED	NA
b2879	UNCLASSIFIED	NA
b2880	UNCLASSIFIED	NA
b2881	UNCLASSIFIED	NA
b2882	UNCLASSIFIED	NA
b2883	UNCLASSIFIED	NA
b2886	UNCLASSIFIED	NA
b2887	UNCLASSIFIED	NA
b2888	UNCLASSIFIED	NA
b2889	P1_I7_M1	0.91
b2890	UNCLASSIFIED	NA
b2891_2	P2_I5_M3	0.82
b2892	UNCLASSIFIED	NA
b2893	UNCLASSIFIED	NA
b2894	UNCLASSIFIED	NA
b2895	UNCLASSIFIED	NA
b2896	UNCLASSIFIED	NA
b2897	P1_I7_M3	0.88
b2898	UNCLASSIFIED	NA
b2899	UNCLASSIFIED	NA
b2900	UNCLASSIFIED	NA
b2901	UNCLASSIFIED	NA
b2902	UNCLASSIFIED	NA
b2903	UNCLASSIFIED	NA
b2904	UNCLASSIFIED	NA
b2905	UNCLASSIFIED	NA
b2906	UNCLASSIFIED	NA
b2907	UNCLASSIFIED	NA
b2908	UNCLASSIFIED	NA
b2909	UNCLASSIFIED	NA
b2910	P1_I7_M3	0.85
b2912	UNCLASSIFIED	NA
b2913	P2_I5_M20	0.8
b2914	UNCLASSIFIED	NA
b2916	UNCLASSIFIED	NA
b2917	UNCLASSIFIED	NA
b2918	UNCLASSIFIED	NA
b2919	UNCLASSIFIED	NA
b2920	UNCLASSIFIED	NA
b2921	UNCLASSIFIED	NA
b2922	P1_I7_M1	0.87
b2923	UNCLASSIFIED	NA
b2924	UNCLASSIFIED	NA
b2925	UNCLASSIFIED	NA
b2926	UNCLASSIFIED	NA
b2927	UNCLASSIFIED	NA
b2928	UNCLASSIFIED	NA
b2929	UNCLASSIFIED	NA
b2930	UNCLASSIFIED	NA
b2933	UNCLASSIFIED	NA
b2935	UNCLASSIFIED	NA
b2936	UNCLASSIFIED	NA
b2937	UNCLASSIFIED	NA
b2938	UNCLASSIFIED	NA
b2939	UNCLASSIFIED	NA
b2942	P2_I5_M18	0.88
b2943	UNCLASSIFIED	NA
b2944	UNCLASSIFIED	NA
b2945	UNCLASSIFIED	NA
b2946	UNCLASSIFIED	NA
b2947	UNCLASSIFIED	NA
b2948	UNCLASSIFIED	NA
b2949	UNCLASSIFIED	NA
b2950	UNCLASSIFIED	NA
b2951	UNCLASSIFIED	NA
b2952	UNCLASSIFIED	NA
b2953	UNCLASSIFIED	NA
b2954	P2_I5_M3	0.84
b2955	P2_I5_M3	0.86
b2956	UNCLASSIFIED	NA
b2957	P1_I7_M2	0.89
b2958	UNCLASSIFIED	NA
b2959	UNCLASSIFIED	NA
b2960	UNCLASSIFIED	NA
b2961	UNCLASSIFIED	NA
b2962	UNCLASSIFIED	NA
b2963	UNCLASSIFIED	NA
b2964	UNCLASSIFIED	NA
b2965	UNCLASSIFIED	NA
b2966	P1_I7_M2	0.82
b2969	UNCLASSIFIED	NA
b2970	UNCLASSIFIED	NA
b2971	UNCLASSIFIED	NA
b2972	UNCLASSIFIED	NA
b2975	P2_I5_M1	0.8
b2976	UNCLASSIFIED	NA
b2977	UNCLASSIFIED	NA
b2979	UNCLASSIFIED	NA
b2980	P2_I5_M11	0.91
b2981	UNCLASSIFIED	NA
b2983	UNCLASSIFIED	NA
b2984	UNCLASSIFIED	NA
b2987	UNCLASSIFIED	NA
b2988	UNCLASSIFIED	NA
b2989	P1_I7_M1	0.82
b2990	UNCLASSIFIED	NA
b2991	UNCLASSIFIED	NA
b2992	UNCLASSIFIED	NA
b2993	UNCLASSIFIED	NA
b2994	UNCLASSIFIED	NA
b2995	P1_I7_M2	0.81
b2996	P1_I7_M2	0.86
b2997	P1_I7_M2	0.9
b2998	UNCLASSIFIED	NA
b3001	P3_I4_M2	0.9
b3002	UNCLASSIFIED	NA
b3003	P1_I7_M1	0.95
b3005	P1_I7_M6	0.86
b3006	P1_I7_M6	0.92
b3008	P2_I5_M18	0.84
b3009	UNCLASSIFIED	NA
b3010	UNCLASSIFIED	NA
b3011	UNCLASSIFIED	NA
b3012	P1_I7_M1	0.92
b3013	UNCLASSIFIED	NA
b3017	UNCLASSIFIED	NA
b3018	UNCLASSIFIED	NA
b3019	P2_I5_M3	0.81
b3020	P2_I5_M19	0.83
b3021	UNCLASSIFIED	NA
b3022	UNCLASSIFIED	NA
b3023	P1_I7_M1	0.82
b3024	P1_I7_M1	0.85
b3025	UNCLASSIFIED	NA
b3026	UNCLASSIFIED	NA
b3028	UNCLASSIFIED	NA
b3029	UNCLASSIFIED	NA
b3030	P4_I3_M1	0.86
b3031	UNCLASSIFIED	NA
b3032	UNCLASSIFIED	NA
b3033	UNCLASSIFIED	NA
b3034	P7_I1_M1	0.83
b3035	UNCLASSIFIED	NA
b3037	UNCLASSIFIED	NA
b3038	UNCLASSIFIED	NA
b3039	UNCLASSIFIED	NA
b3040	P2_I5_M6	0.85
b3041	UNCLASSIFIED	NA
b3042	UNCLASSIFIED	NA
b3043	UNCLASSIFIED	NA
b3046_2	UNCLASSIFIED	NA
b3048	UNCLASSIFIED	NA
b3049	P3_I4_M5	0.87
b3051	UNCLASSIFIED	NA
b3052	UNCLASSIFIED	NA
b3053	P3_I4_M3	0.84
b3054	UNCLASSIFIED	NA
b3055	UNCLASSIFIED	NA
b3056	P2_I5_M4	0.83
b3057	UNCLASSIFIED	NA
b3058	UNCLASSIFIED	NA
b3059	UNCLASSIFIED	NA
b3060	P1_I7_M2	0.91
b3061	UNCLASSIFIED	NA
b3063	UNCLASSIFIED	NA
b3064	UNCLASSIFIED	NA
b3065	UNCLASSIFIED	NA
b3066	UNCLASSIFIED	NA
b3067	UNCLASSIFIED	NA
b3068	P5_I3_M4	0.85
b3070	P1_I7_M6	0.9
b3071	UNCLASSIFIED	NA
b3072	UNCLASSIFIED	NA
b3073	P1_I7_M1	0.89
b3075	UNCLASSIFIED	NA
b3076	P4_I3_M4	0.89
b3078	P4_I3_M4	0.87
b3079	UNCLASSIFIED	NA
b3080	UNCLASSIFIED	NA
b3081	P1_I7_M5	0.88
b3082	UNCLASSIFIED	NA
b3083	UNCLASSIFIED	NA
b3084	UNCLASSIFIED	NA
b3085	UNCLASSIFIED	NA
b3087	P2_I5_M1	0.8
b3088	UNCLASSIFIED	NA
b3089	UNCLASSIFIED	NA
b3090	UNCLASSIFIED	NA
b3091	UNCLASSIFIED	NA
b3092	UNCLASSIFIED	NA
b3093	UNCLASSIFIED	NA
b3094	UNCLASSIFIED	NA
b3095	UNCLASSIFIED	NA
b3096	UNCLASSIFIED	NA
b3097	P2_I5_M7	0.88
b3098	P5_I3_M3	0.86
b3099	P1_I7_M1	0.88
b3100	UNCLASSIFIED	NA
b3101	UNCLASSIFIED	NA
b3102	P1_I7_M1	0.93
b3103	P5_I3_M4	0.85
b3105	UNCLASSIFIED	NA
b3106	UNCLASSIFIED	NA
b3107	P1_I7_M3	0.83
b3110	P1_I7_M2	0.81
b3113	UNCLASSIFIED	NA
b3114	UNCLASSIFIED	NA
b3115	UNCLASSIFIED	NA
b3116	UNCLASSIFIED	NA
b3117	P3_I4_M2	0.84
b3118	P3_I4_M2	0.91
b3124	UNCLASSIFIED	NA
b3125	UNCLASSIFIED	NA
b3126	UNCLASSIFIED	NA
b3127	UNCLASSIFIED	NA
b3128	UNCLASSIFIED	NA
b3129	P2_I5_M14	0.85
b3130	UNCLASSIFIED	NA
b3131	UNCLASSIFIED	NA
b3132	P1_I7_M5	0.86
b3133	UNCLASSIFIED	NA
b3135	UNCLASSIFIED	NA
b3136	P4_I3_M4	0.8
b3140	UNCLASSIFIED	NA
b3142	UNCLASSIFIED	NA
b3144	UNCLASSIFIED	NA
b3145	UNCLASSIFIED	NA
b3146	UNCLASSIFIED	NA
b3147	UNCLASSIFIED	NA
b3148	UNCLASSIFIED	NA
b3149	UNCLASSIFIED	NA
b3150	UNCLASSIFIED	NA
b3151	UNCLASSIFIED	NA
b3152	UNCLASSIFIED	NA
b3153	P1_I7_M1	0.92
b3154	UNCLASSIFIED	NA
b3155	UNCLASSIFIED	NA
b3156	P1_I7_M2	0.87
b3157	P1_I7_M2	0.83
b3158	P1_I7_M2	0.94
b3159	P1_I7_M2	0.95
b3160	P7_I1_M1	0.81
b3161	UNCLASSIFIED	NA
b3162	UNCLASSIFIED	NA
b3163	UNCLASSIFIED	NA
b3164	UNCLASSIFIED	NA
b3165	P2_I5_M17	0.91
b3166	UNCLASSIFIED	NA
b3167	UNCLASSIFIED	NA
b3168	UNCLASSIFIED	NA
b3169	P4_I3_M1	0.83
b3170	UNCLASSIFIED	NA
b3172	UNCLASSIFIED	NA
b3173	UNCLASSIFIED	NA
b3175	UNCLASSIFIED	NA
b3176	UNCLASSIFIED	NA
b3177	UNCLASSIFIED	NA
b3178	UNCLASSIFIED	NA
b3179	UNCLASSIFIED	NA
b3180	P5_I3_M2	0.85
b3181	UNCLASSIFIED	NA
b3182	UNCLASSIFIED	NA
b3183	UNCLASSIFIED	NA
b3184	P4_I3_M1	0.87
b3185	P2_I5_M17	0.91
b3186	P2_I5_M17	0.94
b3187	UNCLASSIFIED	NA
b3188	UNCLASSIFIED	NA
b3189	UNCLASSIFIED	NA
b3190	P5_I3_M2	0.82
b3191	UNCLASSIFIED	NA
b3192	P2_I5_M4	0.81
b3193	UNCLASSIFIED	NA
b3194	UNCLASSIFIED	NA
b3195	UNCLASSIFIED	NA
b3196	UNCLASSIFIED	NA
b3197	UNCLASSIFIED	NA
b3198	UNCLASSIFIED	NA
b3199	UNCLASSIFIED	NA
b3200	UNCLASSIFIED	NA
b3201	UNCLASSIFIED	NA
b3202	UNCLASSIFIED	NA
b3203	P3_I4_M5	0.86
b3204	UNCLASSIFIED	NA
b3205	UNCLASSIFIED	NA
b3206	UNCLASSIFIED	NA
b3207	P5_I3_M4	0.84
b3208	UNCLASSIFIED	NA
b3209	UNCLASSIFIED	NA
b3210	UNCLASSIFIED	NA
b3211	P1_I7_M2	0.91
b3212	UNCLASSIFIED	NA
b3213	UNCLASSIFIED	NA
b3214	UNCLASSIFIED	NA
b3216	UNCLASSIFIED	NA
b3218	P2_I5_M19	0.98
b3219	UNCLASSIFIED	NA
b3220	UNCLASSIFIED	NA
b3221	UNCLASSIFIED	NA
b3222	P1_I7_M1	0.83
b3223	UNCLASSIFIED	NA
b3224	P2_I5_M1	0.84
b3225	P1_I7_M5	0.81
b3226	UNCLASSIFIED	NA
b3227	UNCLASSIFIED	NA
b3228	UNCLASSIFIED	NA
b3229	UNCLASSIFIED	NA
b3230	UNCLASSIFIED	NA
b3231	P5_I3_M2	0.87
b3232	UNCLASSIFIED	NA
b3233	UNCLASSIFIED	NA
b3234	P3_I4_M3	0.87
b3235	UNCLASSIFIED	NA
b3236	UNCLASSIFIED	NA
b3237	UNCLASSIFIED	NA
b3238	UNCLASSIFIED	NA
b3239	P2_I5_M7	0.93
b3240	UNCLASSIFIED	NA
b3241	UNCLASSIFIED	NA
b3243	UNCLASSIFIED	NA
b3244	P2_I5_M4	0.86
b3247	UNCLASSIFIED	NA
b3248	UNCLASSIFIED	NA
b3249	UNCLASSIFIED	NA
b3250	P1_I7_M7	0.88
b3251	P2_I5_M3	0.86
b3252	UNCLASSIFIED	NA
b3253	UNCLASSIFIED	NA
b3255	P2_I5_M3	0.84
b3256	P1_I7_M7	0.89
b3258	UNCLASSIFIED	NA
b3259	UNCLASSIFIED	NA
b3260	P2_I5_M8	0.9
b3261	P5_I3_M2	0.87
b3262	UNCLASSIFIED	NA
b3263	UNCLASSIFIED	NA
b3265	UNCLASSIFIED	NA
b3266	UNCLASSIFIED	NA
b3267	UNCLASSIFIED	NA
b3268_2	UNCLASSIFIED	NA
b3269	UNCLASSIFIED	NA
b3270	UNCLASSIFIED	NA
b3271	UNCLASSIFIED	NA
b3279	UNCLASSIFIED	NA
b3280	UNCLASSIFIED	NA
b3281	UNCLASSIFIED	NA
b3282	UNCLASSIFIED	NA
b3283	UNCLASSIFIED	NA
b3284	UNCLASSIFIED	NA
b3287	UNCLASSIFIED	NA
b3288	UNCLASSIFIED	NA
b3289	UNCLASSIFIED	NA
b3290	UNCLASSIFIED	NA
b3291	P5_I3_M4	0.86
b3292	UNCLASSIFIED	NA
b3293	UNCLASSIFIED	NA
b3294	P1_I7_M8	0.87
b3295	P1_I7_M8	0.93
b3296	P1_I7_M8	0.95
b3297	UNCLASSIFIED	NA
b3298	UNCLASSIFIED	NA
b3299	P6_I1_M3	0.91
b3300	P1_I7_M8	0.84
b3301	P1_I7_M8	0.94
b3302	P6_I1_M3	0.93
b3303	P1_I7_M8	0.93
b3304	UNCLASSIFIED	NA
b3305	P1_I7_M8	0.9
b3306	UNCLASSIFIED	NA
b3307	UNCLASSIFIED	NA
b3308	UNCLASSIFIED	NA
b3309	P2_I5_M17	0.89
b3310	UNCLASSIFIED	NA
b3311	P2_I5_M17	0.95
b3312	P6_I1_M3	0.82
b3313	P1_I7_M8	0.92
b3314	P1_I7_M8	0.96
b3315	P5_I3_M2	0.81
b3316	P2_I5_M17	0.82
b3317	P1_I7_M8	0.95
b3318	UNCLASSIFIED	NA
b3319	P1_I7_M8	0.96
b3320	P1_I7_M8	0.95
b3321	UNCLASSIFIED	NA
b3322	UNCLASSIFIED	NA
b3323	UNCLASSIFIED	NA
b3324	UNCLASSIFIED	NA
b3325	UNCLASSIFIED	NA
b3326	UNCLASSIFIED	NA
b3327	UNCLASSIFIED	NA
b3328	UNCLASSIFIED	NA
b3332	UNCLASSIFIED	NA
b3333	UNCLASSIFIED	NA
b3335	UNCLASSIFIED	NA
b3336	UNCLASSIFIED	NA
b3337	UNCLASSIFIED	NA
b3338	UNCLASSIFIED	NA
b3339	UNCLASSIFIED	NA
b3340	P1_I7_M8	0.86
b3341	P1_I7_M8	0.89
b3342	P5_I3_M2	0.88
b3343	P6_I1_M3	0.84
b3344	UNCLASSIFIED	NA
b3345	UNCLASSIFIED	NA
b3346	UNCLASSIFIED	NA
b3347	UNCLASSIFIED	NA
b3348	UNCLASSIFIED	NA
b3349	UNCLASSIFIED	NA
b3350	UNCLASSIFIED	NA
b3351	UNCLASSIFIED	NA
b3352	UNCLASSIFIED	NA
b3353	UNCLASSIFIED	NA
b3354	P2_I5_M14	0.88
b3355	UNCLASSIFIED	NA
b3356	UNCLASSIFIED	NA
b3357	UNCLASSIFIED	NA
b3358	P1_I7_M10	0.8
b3359	UNCLASSIFIED	NA
b3360	UNCLASSIFIED	NA
b3361	P1_I7_M1	0.96
b3362	P5_I3_M3	0.84
b3363	UNCLASSIFIED	NA
b3364	P5_I3_M5	0.88
b3365	P1_I7_M2	0.88
b3366	P1_I7_M2	0.86
b3367	UNCLASSIFIED	NA
b3368	UNCLASSIFIED	NA
b3369	UNCLASSIFIED	NA
b3370	UNCLASSIFIED	NA
b3371	UNCLASSIFIED	NA
b3374	UNCLASSIFIED	NA
b3375	UNCLASSIFIED	NA
b3376	P2_I5_M4	0.82
b3377	UNCLASSIFIED	NA
b3379	UNCLASSIFIED	NA
b3380	UNCLASSIFIED	NA
b3381	UNCLASSIFIED	NA
b3382	UNCLASSIFIED	NA
b3383	UNCLASSIFIED	NA
b3384	UNCLASSIFIED	NA
b3385	UNCLASSIFIED	NA
b3386	UNCLASSIFIED	NA
b3387	UNCLASSIFIED	NA
b3388	UNCLASSIFIED	NA
b3389	UNCLASSIFIED	NA
b3390	UNCLASSIFIED	NA
b3391	UNCLASSIFIED	NA
b3395	UNCLASSIFIED	NA
b3396	P1_I7_M7	0.86
b3397	UNCLASSIFIED	NA
b3398	UNCLASSIFIED	NA
b3399	UNCLASSIFIED	NA
b3400	UNCLASSIFIED	NA
b3401	UNCLASSIFIED	NA
b3402	UNCLASSIFIED	NA
b3403	P1_I7_M5	0.89
b3404	UNCLASSIFIED	NA
b3405	UNCLASSIFIED	NA
b3406	UNCLASSIFIED	NA
b3407	P2_I5_M3	0.84
b3408	UNCLASSIFIED	NA
b3409	UNCLASSIFIED	NA
b3410	UNCLASSIFIED	NA
b3411	P1_I7_M3	0.81
b3412	UNCLASSIFIED	NA
b3413	UNCLASSIFIED	NA
b3414	P3_I4_M4	0.83
b3415	UNCLASSIFIED	NA
b3416	UNCLASSIFIED	NA
b3417	UNCLASSIFIED	NA
b3418	UNCLASSIFIED	NA
b3421	P5_I3_M4	0.85
b3422	UNCLASSIFIED	NA
b3423_1	UNCLASSIFIED	NA
b3423_2	UNCLASSIFIED	NA
b3424	UNCLASSIFIED	NA
b3425	UNCLASSIFIED	NA
b3426	UNCLASSIFIED	NA
b3428	P5_I3_M1	0.83
b3429	P5_I3_M1	0.82
b3430	UNCLASSIFIED	NA
b3431	UNCLASSIFIED	NA
b3432	UNCLASSIFIED	NA
b3433	UNCLASSIFIED	NA
b3434	UNCLASSIFIED	NA
b3437	UNCLASSIFIED	NA
b3438	UNCLASSIFIED	NA
b3439	P2_I5_M6	0.88
b3440	UNCLASSIFIED	NA
b3441	UNCLASSIFIED	NA
b3442	UNCLASSIFIED	NA
b3446	UNCLASSIFIED	NA
b3447	P3_I4_M1	0.89
b3448	P1_I7_M1	0.87
b3449	UNCLASSIFIED	NA
b3450	P2_I5_M2	0.91
b3451	P2_I5_M2	0.92
b3452	P2_I5_M2	0.91
b3453	P2_I5_M2	0.96
b3454	P2_I5_M20	0.96
b3455	P2_I5_M20	0.96
b3456	P2_I5_M20	0.97
b3457	P2_I5_M20	0.96
b3458	P2_I5_M20	0.95
b3459	UNCLASSIFIED	NA
b3460	P2_I5_M20	0.93
b3461	UNCLASSIFIED	NA
b3462	UNCLASSIFIED	NA
b3463	UNCLASSIFIED	NA
b3464	UNCLASSIFIED	NA
b3465	UNCLASSIFIED	NA
b3466	P1_I7_M3	0.85
b3467	UNCLASSIFIED	NA
b3468	UNCLASSIFIED	NA
b3469	UNCLASSIFIED	NA
b3470	UNCLASSIFIED	NA
b3471	UNCLASSIFIED	NA
b3472	UNCLASSIFIED	NA
b3473	UNCLASSIFIED	NA
b3474	P1_I7_M1	0.87
b3475	UNCLASSIFIED	NA
b3476	P1_I7_M2	0.85
b3477	P1_I7_M2	0.87
b3478	P1_I7_M2	0.84
b3479	P1_I7_M2	0.84
b3480	P1_I7_M2	0.82
b3481	UNCLASSIFIED	NA
b3482	UNCLASSIFIED	NA
b3484	UNCLASSIFIED	NA
b3485	UNCLASSIFIED	NA
b3486	UNCLASSIFIED	NA
b3487	UNCLASSIFIED	NA
b3488	UNCLASSIFIED	NA
b3491	P2_I5_M9	0.91
b3492	UNCLASSIFIED	NA
b3493	UNCLASSIFIED	NA
b3494	P2_I5_M7	0.89
b3495	UNCLASSIFIED	NA
b3496	UNCLASSIFIED	NA
b3497	UNCLASSIFIED	NA
b3498	UNCLASSIFIED	NA
b3499	UNCLASSIFIED	NA
b3500	UNCLASSIFIED	NA
b3502	UNCLASSIFIED	NA
b3503	UNCLASSIFIED	NA
b3505	P2_I5_M19	0.99
b3506	P2_I5_M9	0.93
b3507	P2_I5_M9	0.93
b3508	P2_I5_M9	0.95
b3509	P2_I5_M9	0.96
b3510	P2_I5_M9	0.96
b3511	P2_I5_M9	0.97
b3512	P2_I5_M9	0.94
b3513	P2_I5_M9	0.95
b3514	P2_I5_M9	0.94
b3515	UNCLASSIFIED	NA
b3516	UNCLASSIFIED	NA
b3517	P2_I5_M9	0.97
b3518	P1_I7_M2	0.85
b3519	P1_I7_M1	0.91
b3520	UNCLASSIFIED	NA
b3521	UNCLASSIFIED	NA
b3522	P1_I7_M1	0.93
b3523	P2_I5_M20	0.9
b3524	UNCLASSIFIED	NA
b3525	P1_I7_M4	0.97
b3526	UNCLASSIFIED	NA
b3527	UNCLASSIFIED	NA
b3528	P1_I7_M5	0.85
b3529	UNCLASSIFIED	NA
b3530	P7_I1_M1	0.8
b3531	UNCLASSIFIED	NA
b3532	UNCLASSIFIED	NA
b3533	UNCLASSIFIED	NA
b3534	UNCLASSIFIED	NA
b3535	P1_I7_M3	0.84
b3536	UNCLASSIFIED	NA
b3538	UNCLASSIFIED	NA
b3539	UNCLASSIFIED	NA
b3540	P2_I5_M13	0.87
b3541	P2_I5_M13	0.85
b3542	P2_I5_M13	0.84
b3543	P2_I5_M13	0.86
b3544	UNCLASSIFIED	NA
b3546	UNCLASSIFIED	NA
b3547	UNCLASSIFIED	NA
b3548	P2_I5_M7	0.84
b3549	UNCLASSIFIED	NA
b3550	UNCLASSIFIED	NA
b3551	UNCLASSIFIED	NA
b3552	P2_I5_M3	0.8
b3553	UNCLASSIFIED	NA
b3554	UNCLASSIFIED	NA
b3555	P2_I5_M7	0.9
b3556	P2_I5_M17	0.82
b3557	UNCLASSIFIED	NA
b3558	UNCLASSIFIED	NA
b3559	UNCLASSIFIED	NA
b3560	UNCLASSIFIED	NA
b3561	UNCLASSIFIED	NA
b3562	UNCLASSIFIED	NA
b3563	UNCLASSIFIED	NA
b3564	P3_I4_M6	0.92
b3565	P3_I4_M6	0.96
b3566	P3_I4_M6	0.81
b3567	P3_I4_M6	0.89
b3568	P3_I4_M6	0.94
b3569	P3_I4_M6	0.91
b3570	UNCLASSIFIED	NA
b3571	UNCLASSIFIED	NA
b3572	UNCLASSIFIED	NA
b3573	P1_I7_M2	0.84
b3574	UNCLASSIFIED	NA
b3575	P4_I3_M4	0.9
b3578	UNCLASSIFIED	NA
b3579	P4_I3_M4	0.89
b3580	UNCLASSIFIED	NA
b3581	UNCLASSIFIED	NA
b3582	UNCLASSIFIED	NA
b3583	UNCLASSIFIED	NA
b3584	UNCLASSIFIED	NA
b3585	UNCLASSIFIED	NA
b3586	UNCLASSIFIED	NA
b3588	P2_I5_M1	0.92
b3589	UNCLASSIFIED	NA
b3590	UNCLASSIFIED	NA
b3591	UNCLASSIFIED	NA
b3592	P7_I1_M1	0.83
b3593	UNCLASSIFIED	NA
b3594	UNCLASSIFIED	NA
b3595	UNCLASSIFIED	NA
b3597	UNCLASSIFIED	NA
b3598	UNCLASSIFIED	NA
b3599	UNCLASSIFIED	NA
b3600	UNCLASSIFIED	NA
b3601	UNCLASSIFIED	NA
b3602	UNCLASSIFIED	NA
b3603	P2_I5_M11	0.93
b3604	P2_I5_M11	0.89
b3605	P2_I5_M2	0.84
b3606	UNCLASSIFIED	NA
b3607	UNCLASSIFIED	NA
b3608	UNCLASSIFIED	NA
b3609	UNCLASSIFIED	NA
b3610	P6_I1_M3	0.83
b3611	UNCLASSIFIED	NA
b3612	UNCLASSIFIED	NA
b3613	UNCLASSIFIED	NA
b3614	P3_I4_M7	0.92
b3615	UNCLASSIFIED	NA
b3616	UNCLASSIFIED	NA
b3617	UNCLASSIFIED	NA
b3618	P2_I5_M15	0.84
b3619	UNCLASSIFIED	NA
b3620	UNCLASSIFIED	NA
b3621	P3_I4_M7	0.81
b3622	UNCLASSIFIED	NA
b3623	P2_I5_M15	0.92
b3624	P2_I5_M15	0.92
b3625	P2_I5_M15	0.9
b3626	P2_I5_M15	0.92
b3627	P2_I5_M15	0.85
b3628	UNCLASSIFIED	NA
b3629	P2_I5_M15	0.91
b3630	UNCLASSIFIED	NA
b3631	UNCLASSIFIED	NA
b3632	UNCLASSIFIED	NA
b3633	UNCLASSIFIED	NA
b3634	UNCLASSIFIED	NA
b3635	UNCLASSIFIED	NA
b3636	P6_I1_M3	0.94
b3637	P2_I5_M17	0.96
b3638	UNCLASSIFIED	NA
b3639	UNCLASSIFIED	NA
b3640	UNCLASSIFIED	NA
b3641	UNCLASSIFIED	NA
b3642	UNCLASSIFIED	NA
b3643_1	UNCLASSIFIED	NA
b3644	UNCLASSIFIED	NA
b3645	UNCLASSIFIED	NA
b3646	UNCLASSIFIED	NA
b3647	UNCLASSIFIED	NA
b3648	UNCLASSIFIED	NA
b3649	P1_I7_M3	0.84
b3650	P3_I4_M7	0.91
b3651	P3_I4_M7	0.92
b3652	P3_I4_M7	0.92
b3653	UNCLASSIFIED	NA
b3654	P2_I5_M10	0.86
b3655	UNCLASSIFIED	NA
b3656	P3_I4_M6	0.95
b3657	P3_I4_M6	0.92
b3659	UNCLASSIFIED	NA
b3660	UNCLASSIFIED	NA
b3661	UNCLASSIFIED	NA
b3662	P5_I3_M5	0.8
b3663	UNCLASSIFIED	NA
b3664	UNCLASSIFIED	NA
b3665	UNCLASSIFIED	NA
b3666	UNCLASSIFIED	NA
b3667	UNCLASSIFIED	NA
b3668	UNCLASSIFIED	NA
b3669	UNCLASSIFIED	NA
b3670	UNCLASSIFIED	NA
b3671	UNCLASSIFIED	NA
b3672	P2_I5_M21	0.9
b3673	UNCLASSIFIED	NA
b3674	UNCLASSIFIED	NA
b3675	UNCLASSIFIED	NA
b3676	UNCLASSIFIED	NA
b3677	UNCLASSIFIED	NA
b3678	UNCLASSIFIED	NA
b3679	UNCLASSIFIED	NA
b3680	UNCLASSIFIED	NA
b3683	UNCLASSIFIED	NA
b3684	UNCLASSIFIED	NA
b3685	UNCLASSIFIED	NA
b3686	UNCLASSIFIED	NA
b3687	UNCLASSIFIED	NA
b3688	UNCLASSIFIED	NA
b3689	UNCLASSIFIED	NA
b3690	UNCLASSIFIED	NA
b3691	UNCLASSIFIED	NA
b3693	UNCLASSIFIED	NA
b3696	UNCLASSIFIED	NA
b3697	UNCLASSIFIED	NA
b3698	UNCLASSIFIED	NA
b3699	UNCLASSIFIED	NA
b3700	UNCLASSIFIED	NA
b3701	UNCLASSIFIED	NA
b3702	UNCLASSIFIED	NA
b3703	P6_I1_M3	0.92
b3704	P2_I5_M8	0.88
b3705	P1_I7_M7	0.88
b3706	P2_I5_M4	0.83
b3708	P1_I7_M5	0.91
b3709	P1_I7_M5	0.89
b3710	UNCLASSIFIED	NA
b3711	UNCLASSIFIED	NA
b3712	UNCLASSIFIED	NA
b3713	P1_I7_M1	0.82
b3714	P1_I7_M7	0.86
b3715	UNCLASSIFIED	NA
b3716	UNCLASSIFIED	NA
b3717	UNCLASSIFIED	NA
b3718	UNCLASSIFIED	NA
b3719	UNCLASSIFIED	NA
b3720	UNCLASSIFIED	NA
b3721	UNCLASSIFIED	NA
b3722	UNCLASSIFIED	NA
b3723	UNCLASSIFIED	NA
b3724	UNCLASSIFIED	NA
b3725	UNCLASSIFIED	NA
b3726	UNCLASSIFIED	NA
b3727	UNCLASSIFIED	NA
b3728	UNCLASSIFIED	NA
b3729	UNCLASSIFIED	NA
b3730	UNCLASSIFIED	NA
b3731	UNCLASSIFIED	NA
b3732	UNCLASSIFIED	NA
b3733	UNCLASSIFIED	NA
b3734	UNCLASSIFIED	NA
b3735	UNCLASSIFIED	NA
b3736	UNCLASSIFIED	NA
b3737	P2_I5_M17	0.89
b3738	UNCLASSIFIED	NA
b3739	UNCLASSIFIED	NA
b3740	P5_I3_M2	0.82
b3741	P2_I5_M3	0.8
b3742	UNCLASSIFIED	NA
b3743	UNCLASSIFIED	NA
b3744	UNCLASSIFIED	NA
b3745	UNCLASSIFIED	NA
b3746	UNCLASSIFIED	NA
b3747	UNCLASSIFIED	NA
b3748	UNCLASSIFIED	NA
b3749	P1_I7_M5	0.84
b3750	P1_I7_M5	0.86
b3751	P1_I7_M5	0.91
b3752	P1_I7_M5	0.88
b3753	P3_I4_M2	0.81
b3754	UNCLASSIFIED	NA
b3755	UNCLASSIFIED	NA
b3764	UNCLASSIFIED	NA
b3765	UNCLASSIFIED	NA
b3766	P2_I5_M21	0.9
b3769	UNCLASSIFIED	NA
b3770	UNCLASSIFIED	NA
b3771	UNCLASSIFIED	NA
b3772	UNCLASSIFIED	NA
b3773	UNCLASSIFIED	NA
b3774	P2_I5_M20	0.84
b3775	UNCLASSIFIED	NA
b3777_2	P1_I7_M3	0.87
b3778	UNCLASSIFIED	NA
b3779	UNCLASSIFIED	NA
b3780	UNCLASSIFIED	NA
b3781	UNCLASSIFIED	NA
b3783	UNCLASSIFIED	NA
b3784	UNCLASSIFIED	NA
b3785	UNCLASSIFIED	NA
b3786	UNCLASSIFIED	NA
b3787	UNCLASSIFIED	NA
b3788	UNCLASSIFIED	NA
b3789	UNCLASSIFIED	NA
b3790	UNCLASSIFIED	NA
b3791	UNCLASSIFIED	NA
b3792	UNCLASSIFIED	NA
b3793	UNCLASSIFIED	NA
b3794	UNCLASSIFIED	NA
b3795	UNCLASSIFIED	NA
b3800	P4_I3_M4	0.85
b3801	UNCLASSIFIED	NA
b3802	UNCLASSIFIED	NA
b3803	UNCLASSIFIED	NA
b3804	UNCLASSIFIED	NA
b3805	UNCLASSIFIED	NA
b3806	P5_I3_M5	0.88
b3807	UNCLASSIFIED	NA
b3809	UNCLASSIFIED	NA
b3810	UNCLASSIFIED	NA
b3811	UNCLASSIFIED	NA
b3812	P3_I4_M7	0.8
b3813	UNCLASSIFIED	NA
b3816	UNCLASSIFIED	NA
b3817	UNCLASSIFIED	NA
b3819	UNCLASSIFIED	NA
b3820	P3_I4_M4	0.94
b3821	UNCLASSIFIED	NA
b3822	P1_I7_M7	0.87
b3823	UNCLASSIFIED	NA
b3824	UNCLASSIFIED	NA
b3825	UNCLASSIFIED	NA
b3826	UNCLASSIFIED	NA
b3827	UNCLASSIFIED	NA
b3828	P2_I5_M18	0.93
b3829	UNCLASSIFIED	NA
b3830	P1_I7_M1	0.89
b3831	UNCLASSIFIED	NA
b3832	UNCLASSIFIED	NA
b3833	UNCLASSIFIED	NA
b3834	UNCLASSIFIED	NA
b3835	UNCLASSIFIED	NA
b3836	P1_I7_M3	0.87
b3838	UNCLASSIFIED	NA
b3839	P2_I5_M8	0.81
b3842	UNCLASSIFIED	NA
b3843	UNCLASSIFIED	NA
b3844	UNCLASSIFIED	NA
b3845	P2_I5_M11	0.94
b3846	P2_I5_M11	0.96
b3847	UNCLASSIFIED	NA
b3848	UNCLASSIFIED	NA
b3849	UNCLASSIFIED	NA
b3850	UNCLASSIFIED	NA
b3856	UNCLASSIFIED	NA
b3857	UNCLASSIFIED	NA
b3858	P1_I7_M3	0.81
b3859	UNCLASSIFIED	NA
b3860	UNCLASSIFIED	NA
b3861	UNCLASSIFIED	NA
b3862	UNCLASSIFIED	NA
b3863	UNCLASSIFIED	NA
b3865	UNCLASSIFIED	NA
b3866	UNCLASSIFIED	NA
b3867	UNCLASSIFIED	NA
b3868	UNCLASSIFIED	NA
b3869	UNCLASSIFIED	NA
b3870	UNCLASSIFIED	NA
b3871	UNCLASSIFIED	NA
b3872	UNCLASSIFIED	NA
b3873	UNCLASSIFIED	NA
b3874	UNCLASSIFIED	NA
b3876	UNCLASSIFIED	NA
b3877	UNCLASSIFIED	NA
b3878	UNCLASSIFIED	NA
b3879	UNCLASSIFIED	NA
b3880	UNCLASSIFIED	NA
b3881	UNCLASSIFIED	NA
b3882	UNCLASSIFIED	NA
b3883	UNCLASSIFIED	NA
b3884	UNCLASSIFIED	NA
b3885	UNCLASSIFIED	NA
b3886	UNCLASSIFIED	NA
b3887	UNCLASSIFIED	NA
b3888	UNCLASSIFIED	NA
b3891	UNCLASSIFIED	NA
b3892	UNCLASSIFIED	NA
b3893	UNCLASSIFIED	NA
b3894	UNCLASSIFIED	NA
b3895	UNCLASSIFIED	NA
b3896	UNCLASSIFIED	NA
b3897	UNCLASSIFIED	NA
b3898	UNCLASSIFIED	NA
b3899	UNCLASSIFIED	NA
b3902	UNCLASSIFIED	NA
b3903	UNCLASSIFIED	NA
b3904	UNCLASSIFIED	NA
b3905	P4_I3_M4	0.85
b3906	P3_I4_M2	0.88
b3907	UNCLASSIFIED	NA
b3908	UNCLASSIFIED	NA
b3909	UNCLASSIFIED	NA
b3910	P3_I4_M3	0.84
b3911	P3_I4_M1	0.82
b3912	UNCLASSIFIED	NA
b3915	UNCLASSIFIED	NA
b3916	UNCLASSIFIED	NA
b3917	UNCLASSIFIED	NA
b3918	UNCLASSIFIED	NA
b3919	UNCLASSIFIED	NA
b3920	UNCLASSIFIED	NA
b3921	UNCLASSIFIED	NA
b3922	P3_I4_M5	0.86
b3923	P2_I5_M7	0.83
b3924	UNCLASSIFIED	NA
b3925	UNCLASSIFIED	NA
b3926	UNCLASSIFIED	NA
b3927	UNCLASSIFIED	NA
b3928	P1_I7_M3	0.92
b3929	UNCLASSIFIED	NA
b3930	UNCLASSIFIED	NA
b3931	UNCLASSIFIED	NA
b3932	UNCLASSIFIED	NA
b3933	UNCLASSIFIED	NA
b3934	UNCLASSIFIED	NA
b3935	UNCLASSIFIED	NA
b3936	P2_I5_M17	0.91
b3937	UNCLASSIFIED	NA
b3938	UNCLASSIFIED	NA
b3939	P2_I5_M18	0.94
b3940	P2_I5_M18	0.9
b3941	P2_I5_M18	0.9
b3942	UNCLASSIFIED	NA
b3943	UNCLASSIFIED	NA
b3945	P1_I7_M2	0.92
b3946	UNCLASSIFIED	NA
b3947	P4_I3_M4	0.88
b3949	P4_I3_M4	0.8
b3951	UNCLASSIFIED	NA
b3952	UNCLASSIFIED	NA
b3954	UNCLASSIFIED	NA
b3955	P1_I7_M7	0.9
b3956	UNCLASSIFIED	NA
b3957	UNCLASSIFIED	NA
b3958	UNCLASSIFIED	NA
b3959	UNCLASSIFIED	NA
b3960	UNCLASSIFIED	NA
b3961	UNCLASSIFIED	NA
b3962	P2_I5_M11	0.84
b3963	UNCLASSIFIED	NA
b3964	UNCLASSIFIED	NA
b3965	UNCLASSIFIED	NA
b3966	UNCLASSIFIED	NA
b3967	UNCLASSIFIED	NA
b3972	UNCLASSIFIED	NA
b3973	UNCLASSIFIED	NA
b3974	UNCLASSIFIED	NA
b3980	UNCLASSIFIED	NA
b3981	P4_I3_M1	0.83
b3982	P4_I3_M1	0.9
b3983	UNCLASSIFIED	NA
b3984	P1_I7_M8	0.92
b3985	P1_I7_M8	0.82
b3986	UNCLASSIFIED	NA
b3987	UNCLASSIFIED	NA
b3988	UNCLASSIFIED	NA
b3989	UNCLASSIFIED	NA
b3990	UNCLASSIFIED	NA
b3991	UNCLASSIFIED	NA
b3992	UNCLASSIFIED	NA
b3993	UNCLASSIFIED	NA
b3994	UNCLASSIFIED	NA
b3995	UNCLASSIFIED	NA
b3996	P3_I4_M1	0.88
b3997	UNCLASSIFIED	NA
b3998	UNCLASSIFIED	NA
b3999	UNCLASSIFIED	NA
b4000	P1_I7_M3	0.82
b4001	UNCLASSIFIED	NA
b4002	UNCLASSIFIED	NA
b4003	UNCLASSIFIED	NA
b4004	UNCLASSIFIED	NA
b4005	P2_I5_M10	0.91
b4006	P2_I5_M10	0.97
b4012	UNCLASSIFIED	NA
b4013	P2_I5_M18	0.93
b4014	P2_I5_M2	0.86
b4015	P2_I5_M2	0.84
b4016	UNCLASSIFIED	NA
b4017	UNCLASSIFIED	NA
b4018	UNCLASSIFIED	NA
b4019	UNCLASSIFIED	NA
b4020	UNCLASSIFIED	NA
b4021	UNCLASSIFIED	NA
b4022	UNCLASSIFIED	NA
b4023	UNCLASSIFIED	NA
b4024	UNCLASSIFIED	NA
b4025	UNCLASSIFIED	NA
b4026	UNCLASSIFIED	NA
b4027	P2_I5_M5	0.86
b4028	P2_I5_M5	0.88
b4029	P3_I4_M1	0.85
b4030	P5_I3_M5	0.86
b4031	P3_I4_M6	0.96
b4032	P1_I7_M5	0.85
b4033	P1_I7_M5	0.84
b4034	P1_I7_M5	0.83
b4035	P1_I7_M5	0.8
b4036	P1_I7_M5	0.86
b4037	P1_I7_M5	0.84
b4038_3	UNCLASSIFIED	NA
b4039	UNCLASSIFIED	NA
b4040	UNCLASSIFIED	NA
b4041	UNCLASSIFIED	NA
b4042	UNCLASSIFIED	NA
b4043	UNCLASSIFIED	NA
b4044	UNCLASSIFIED	NA
b4045	P5_I3_M3	0.87
b4046	UNCLASSIFIED	NA
b4049	P4_I3_M1	0.87
b4050	UNCLASSIFIED	NA
b4051	P1_I7_M1	0.9
b4052	P2_I5_M3	0.82
b4053	UNCLASSIFIED	NA
b4054	UNCLASSIFIED	NA
b4055	P3_I4_M2	0.85
b4056	UNCLASSIFIED	NA
b4057	P2_I5_M6	0.85
b4058	P2_I5_M4	0.84
b4059	UNCLASSIFIED	NA
b4060	P5_I3_M5	0.85
b4061	P5_I3_M1	0.86
b4062	UNCLASSIFIED	NA
b4063	UNCLASSIFIED	NA
b4064	P2_I5_M10	0.85
b4065	UNCLASSIFIED	NA
b4066	UNCLASSIFIED	NA
b4067	P1_I7_M5	0.9
b4068	P1_I7_M5	0.87
b4069	P2_I5_M11	0.93
b4070	P1_I7_M2	0.85
b4071	P1_I7_M2	0.81
b4072	UNCLASSIFIED	NA
b4073	UNCLASSIFIED	NA
b4074	UNCLASSIFIED	NA
b4076	UNCLASSIFIED	NA
b4077	UNCLASSIFIED	NA
b4078	UNCLASSIFIED	NA
b4079	P1_I7_M2	0.87
b4080	UNCLASSIFIED	NA
b4081	UNCLASSIFIED	NA
b4082	UNCLASSIFIED	NA
b4083	UNCLASSIFIED	NA
b4084	UNCLASSIFIED	NA
b4085	UNCLASSIFIED	NA
b4086	UNCLASSIFIED	NA
b4087	UNCLASSIFIED	NA
b4088	P3_I4_M2	0.8
b4089	UNCLASSIFIED	NA
b4090	UNCLASSIFIED	NA
b4092	P3_I4_M1	0.82
b4093	P1_I7_M1	0.88
b4094	UNCLASSIFIED	NA
b4095	UNCLASSIFIED	NA
b4096	UNCLASSIFIED	NA
b4098	UNCLASSIFIED	NA
b4099	UNCLASSIFIED	NA
b4102	UNCLASSIFIED	NA
b4105	UNCLASSIFIED	NA
b4106	UNCLASSIFIED	NA
b4107	P1_I7_M1	0.91
b4108	UNCLASSIFIED	NA
b4109	P1_I7_M4	0.9
b4110	P1_I7_M4	0.95
b4111	UNCLASSIFIED	NA
b4112	UNCLASSIFIED	NA
b4113	P3_I4_M3	0.84
b4114	UNCLASSIFIED	NA
b4115	UNCLASSIFIED	NA
b4116	UNCLASSIFIED	NA
b4117	UNCLASSIFIED	NA
b4118	UNCLASSIFIED	NA
b4119	P2_I5_M1	0.87
b4120	UNCLASSIFIED	NA
b4121	UNCLASSIFIED	NA
b4122	P1_I7_M2	0.88
b4123	P1_I7_M2	0.91
b4124	UNCLASSIFIED	NA
b4125	UNCLASSIFIED	NA
b4126	UNCLASSIFIED	NA
b4127	UNCLASSIFIED	NA
b4128	UNCLASSIFIED	NA
b4129	UNCLASSIFIED	NA
b4130	UNCLASSIFIED	NA
b4131	UNCLASSIFIED	NA
b4132	UNCLASSIFIED	NA
b4133	UNCLASSIFIED	NA
b4135	P1_I7_M1	0.91
b4136	UNCLASSIFIED	NA
b4137	UNCLASSIFIED	NA
b4138	UNCLASSIFIED	NA
b4139	P3_I4_M2	0.91
b4140	UNCLASSIFIED	NA
b4141	UNCLASSIFIED	NA
b4142	UNCLASSIFIED	NA
b4143	UNCLASSIFIED	NA
b4144	UNCLASSIFIED	NA
b4145	UNCLASSIFIED	NA
b4146	UNCLASSIFIED	NA
b4147	P1_I7_M7	0.87
b4148	UNCLASSIFIED	NA
b4149	P1_I7_M1	0.89
b4150	UNCLASSIFIED	NA
b4151	P1_I7_M2	0.8
b4152	P1_I7_M2	0.8
b4153	P1_I7_M2	0.82
b4154	P1_I7_M2	0.81
b4155	UNCLASSIFIED	NA
b4156	UNCLASSIFIED	NA
b4159	UNCLASSIFIED	NA
b4160	UNCLASSIFIED	NA
b4161	UNCLASSIFIED	NA
b4162	UNCLASSIFIED	NA
b4166	UNCLASSIFIED	NA
b4167	P2_I5_M4	0.93
b4168	UNCLASSIFIED	NA
b4169	UNCLASSIFIED	NA
b4170	UNCLASSIFIED	NA
b4171	UNCLASSIFIED	NA
b4172	P1_I7_M3	0.88
b4173	P2_I5_M4	0.9
b4174	UNCLASSIFIED	NA
b4175	UNCLASSIFIED	NA
b4177	UNCLASSIFIED	NA
b4178	UNCLASSIFIED	NA
b4179	P3_I4_M3	0.89
b4180	UNCLASSIFIED	NA
b4182	UNCLASSIFIED	NA
b4186	UNCLASSIFIED	NA
b4187	P1_I7_M1	0.94
b4188	UNCLASSIFIED	NA
b4189	UNCLASSIFIED	NA
b4190	P3_I4_M3	0.81
b4191	UNCLASSIFIED	NA
b4192	UNCLASSIFIED	NA
b4193	P4_I3_M4	0.83
b4195	UNCLASSIFIED	NA
b4196	UNCLASSIFIED	NA
b4197	UNCLASSIFIED	NA
b4198	UNCLASSIFIED	NA
b4199	UNCLASSIFIED	NA
b4200	UNCLASSIFIED	NA
b4201	UNCLASSIFIED	NA
b4202	P2_I5_M17	0.94
b4203	P1_I7_M8	0.92
b4204	UNCLASSIFIED	NA
b4206	UNCLASSIFIED	NA
b4207	UNCLASSIFIED	NA
b4208	UNCLASSIFIED	NA
b4209	UNCLASSIFIED	NA
b4210	UNCLASSIFIED	NA
b4211	UNCLASSIFIED	NA
b4212	UNCLASSIFIED	NA
b4213	P1_I7_M5	0.88
b4214	P5_I3_M4	0.88
b4215	UNCLASSIFIED	NA
b4216	P1_I7_M5	0.84
b4217	P5_I3_M3	0.86
b4218	UNCLASSIFIED	NA
b4219	P3_I4_M3	0.91
b4220	UNCLASSIFIED	NA
b4221	UNCLASSIFIED	NA
b4222	UNCLASSIFIED	NA
b4224	UNCLASSIFIED	NA
b4225	UNCLASSIFIED	NA
b4226	UNCLASSIFIED	NA
b4227	P2_I5_M1	0.91
b4230	P2_I5_M1	0.89
b4231	P2_I5_M1	0.82
b4232	UNCLASSIFIED	NA
b4233	UNCLASSIFIED	NA
b4234	UNCLASSIFIED	NA
b4235	P2_I5_M4	0.85
b4236	UNCLASSIFIED	NA
b4237	UNCLASSIFIED	NA
b4238	UNCLASSIFIED	NA
b4239	UNCLASSIFIED	NA
b4240	UNCLASSIFIED	NA
b4241	UNCLASSIFIED	NA
b4242	UNCLASSIFIED	NA
b4243	UNCLASSIFIED	NA
b4244	UNCLASSIFIED	NA
b4245	UNCLASSIFIED	NA
b4246	P2_I5_M21	0.86
b4248	P1_I7_M1	0.81
b4249	UNCLASSIFIED	NA
b4251	UNCLASSIFIED	NA
b4252	UNCLASSIFIED	NA
b4253	UNCLASSIFIED	NA
b4254	UNCLASSIFIED	NA
b4255	UNCLASSIFIED	NA
b4256	UNCLASSIFIED	NA
b4257	UNCLASSIFIED	NA
b4258	UNCLASSIFIED	NA
b4259	UNCLASSIFIED	NA
b4260	UNCLASSIFIED	NA
b4261	UNCLASSIFIED	NA
b4262	UNCLASSIFIED	NA
b4263	P1_I7_M1	0.89
b4264	UNCLASSIFIED	NA
b4265	UNCLASSIFIED	NA
b4266	UNCLASSIFIED	NA
b4267	UNCLASSIFIED	NA
b4268	UNCLASSIFIED	NA
b4269	P1_I7_M1	0.96
b4271	UNCLASSIFIED	NA
b4278	UNCLASSIFIED	NA
b4279	UNCLASSIFIED	NA
b4280	UNCLASSIFIED	NA
b4284	UNCLASSIFIED	NA
b4287	UNCLASSIFIED	NA
b4288	UNCLASSIFIED	NA
b4289	UNCLASSIFIED	NA
b4290	UNCLASSIFIED	NA
b4291	P1_I7_M6	0.8
b4292	P1_I7_M6	0.93
b4293	P1_I7_M6	0.96
b4294	P1_I7_M3	0.84
b4295	UNCLASSIFIED	NA
b4296	UNCLASSIFIED	NA
b4297	P2_I5_M1	0.86
b4298	P1_I7_M5	0.84
b4299	P1_I7_M5	0.82
b4300	UNCLASSIFIED	NA
b4301	UNCLASSIFIED	NA
b4302	UNCLASSIFIED	NA
b4303	UNCLASSIFIED	NA
b4304	P2_I5_M1	0.84
b4305	P2_I5_M1	0.91
b4306	UNCLASSIFIED	NA
b4307	UNCLASSIFIED	NA
b4308_2	UNCLASSIFIED	NA
b4309	P3_I4_M1	0.88
b4310	P1_I7_M1	0.85
b4312	UNCLASSIFIED	NA
b4313	UNCLASSIFIED	NA
b4314	UNCLASSIFIED	NA
b4315	UNCLASSIFIED	NA
b4316	UNCLASSIFIED	NA
b4317	UNCLASSIFIED	NA
b4318	UNCLASSIFIED	NA
b4319	UNCLASSIFIED	NA
b4320	UNCLASSIFIED	NA
b4321	P1_I7_M5	0.87
b4322	UNCLASSIFIED	NA
b4323	UNCLASSIFIED	NA
b4324	UNCLASSIFIED	NA
b4325	UNCLASSIFIED	NA
b4326	UNCLASSIFIED	NA
b4327	UNCLASSIFIED	NA
b4328	UNCLASSIFIED	NA
b4329	UNCLASSIFIED	NA
b4330	UNCLASSIFIED	NA
b4331	UNCLASSIFIED	NA
b4332	UNCLASSIFIED	NA
b4333	UNCLASSIFIED	NA
b4334	P1_I7_M2	0.82
b4335	P1_I7_M2	0.87
b4336	P1_I7_M1	0.9
b4337	UNCLASSIFIED	NA
b4339	P3_I4_M5	0.83
b4340	P3_I4_M4	0.86
b4342	UNCLASSIFIED	NA
b4345	UNCLASSIFIED	NA
b4346	P2_I5_M15	0.84
b4348	P2_I5_M8	0.84
b4349	P2_I5_M3	0.86
b4350	UNCLASSIFIED	NA
b4351	UNCLASSIFIED	NA
b4352	UNCLASSIFIED	NA
b4353	P1_I7_M3	0.91
b4354	UNCLASSIFIED	NA
b4355	P1_I7_M4	0.97
b4356	UNCLASSIFIED	NA
b4357	P3_I4_M2	0.89
b4358	UNCLASSIFIED	NA
b4359	UNCLASSIFIED	NA
b4360	UNCLASSIFIED	NA
b4361	UNCLASSIFIED	NA
b4362	P3_I4_M3	0.81
b4363	UNCLASSIFIED	NA
b4364	P1_I7_M2	0.87
b4366	UNCLASSIFIED	NA
b4367	P1_I7_M6	0.9
b4371	P1_I7_M7	0.82
b4372	UNCLASSIFIED	NA
b4373	UNCLASSIFIED	NA
b4374	UNCLASSIFIED	NA
b4375	P1_I7_M7	0.87
b4376	P3_I4_M1	0.88
b4377	UNCLASSIFIED	NA
b4378	UNCLASSIFIED	NA
b4379	P1_I7_M2	0.91
b4380	P1_I7_M2	0.91
b4381	UNCLASSIFIED	NA
b4382	P5_I3_M4	0.81
b4383	P1_I7_M1	0.81
b4384	UNCLASSIFIED	NA
b4385	UNCLASSIFIED	NA
b4386	UNCLASSIFIED	NA
b4387	UNCLASSIFIED	NA
b4388	UNCLASSIFIED	NA
b4389	UNCLASSIFIED	NA
b4390	P2_I5_M4	0.88
b4391	UNCLASSIFIED	NA
b4392	P2_I5_M4	0.87
b4393	UNCLASSIFIED	NA
b4394	UNCLASSIFIED	NA
b4395	UNCLASSIFIED	NA
b4396	P3_I4_M3	0.82
b4397	UNCLASSIFIED	NA
b4398	UNCLASSIFIED	NA
b4399	UNCLASSIFIED	NA
b4400	UNCLASSIFIED	NA
b4401	P5_I3_M4	0.85
b4403	UNCLASSIFIED	NA
b4406	P2_I5_M14	0.9
b4407	UNCLASSIFIED	NA
b4409	P1_I7_M3	0.86
b4410	P2_I5_M21	0.85
b4411	P5_I3_M3	0.86
b4428	UNCLASSIFIED	NA
b4460	UNCLASSIFIED	NA
b4461	UNCLASSIFIED	NA
b4462	UNCLASSIFIED	NA
b4463	UNCLASSIFIED	NA
b4464	UNCLASSIFIED	NA
b4465	UNCLASSIFIED	NA
b4466	UNCLASSIFIED	NA
b4467	UNCLASSIFIED	NA
b4468	UNCLASSIFIED	NA
b4469	P1_I7_M7	0.88
b4470	UNCLASSIFIED	NA
b4471	UNCLASSIFIED	NA
b4472	UNCLASSIFIED	NA
b4473	P1_I7_M3	0.81
b4474	UNCLASSIFIED	NA
b4475	P3_I4_M3	0.86
b4476	UNCLASSIFIED	NA
b4477	UNCLASSIFIED	NA
b4478	UNCLASSIFIED	NA
b4479	UNCLASSIFIED	NA
b4480	UNCLASSIFIED	NA
b4481	UNCLASSIFIED	NA
b4482	UNCLASSIFIED	NA
b4483	UNCLASSIFIED	NA
b4484	UNCLASSIFIED	NA
b4485	P2_I5_M1	0.91
b4486	UNCLASSIFIED	NA
b4487	UNCLASSIFIED	NA
b4488_1	UNCLASSIFIED	NA
b4488_2	UNCLASSIFIED	NA
b4490_2	P3_I4_M4	0.89
b4491_1	UNCLASSIFIED	NA
b4492_1	UNCLASSIFIED	NA
b4492_3	UNCLASSIFIED	NA
b4493_1	P5_I3_M1	0.82
b4493_2	UNCLASSIFIED	NA
b4495_1	P1_I7_M4	0.84
b4495_2	UNCLASSIFIED	NA
b4496_1	UNCLASSIFIED	NA
b4496_2	UNCLASSIFIED	NA
b4497	UNCLASSIFIED	NA
b4498_1	P1_I7_M10	0.87
b4499_1	UNCLASSIFIED	NA
b4500	UNCLASSIFIED	NA
b4501	P1_I7_M3	0.84
b4505	P1_I7_M3	0.84
b4506	UNCLASSIFIED	NA
b4511	P1_I7_M6	0.81
b4512	P4_I3_M3	0.83
b4515	P2_I5_M21	0.81
b4517	P1_I7_M3	0.87
b4518	P5_I3_M3	0.82
b4522	P1_I7_M3	0.82
b4523	P6_I1_M3	0.88
b4529	UNCLASSIFIED	NA
b4536	P1_I7_M3	0.82
b4537	P5_I3_M2	0.83
b4539	P1_I7_M3	0.88
b4543	UNCLASSIFIED	NA
b4544	UNCLASSIFIED	NA
b4546	P1_I7_M3	0.8
b4547	P1_I7_M3	0.9
b4550	P1_I7_M3	0.81
b4551	P6_I1_M3	0.86
b4554	UNCLASSIFIED	NA
b4555	UNCLASSIFIED	NA
b4556	UNCLASSIFIED	NA
b4557	UNCLASSIFIED	NA
b4558	P1_I7_M3	0.92
b4565	UNCLASSIFIED	NA
b4567	UNCLASSIFIED	NA
b4568	P5_I3_M3	0.9
b4571_1	UNCLASSIFIED	NA
b4571_2	UNCLASSIFIED	NA
b4572	UNCLASSIFIED	NA
b4575_2	UNCLASSIFIED	NA
b4576	UNCLASSIFIED	NA
b4580_1	UNCLASSIFIED	NA
b4580_2	UNCLASSIFIED	NA
b4581_2	P2_I5_M6	0.86
b4582_1	UNCLASSIFIED	NA
b4582_2	P2_I5_M14	0.84
b4587_1	UNCLASSIFIED	NA
b4587_2	UNCLASSIFIED	NA
b4593	P2_I5_M21	0.83
b4595	P1_I7_M3	0.93
b4596	P1_I7_M3	0.93
b4600_2	UNCLASSIFIED	NA
b4620	UNCLASSIFIED	NA
b4623_1	UNCLASSIFIED	NA
b4633	P1_I7_M3	0.88
b4634	UNCLASSIFIED	NA
b4640_1	UNCLASSIFIED	NA
b4641	P2_I5_M21	0.86
b4646_2	P1_I7_M3	0.89
b4656	P2_I5_M14	0.85
b4658_1	P1_I7_M1	0.87
b4658_2	P5_I3_M1	0.84
b4659_1	UNCLASSIFIED	NA
b4659_2	P1_I7_M3	0.81
b4660_1	UNCLASSIFIED	NA
b4661	UNCLASSIFIED	NA
b4662	P2_I5_M21	0.87
b4676	P2_I5_M21	0.92
b4686	P2_I5_M21	0.9
b4688	P1_I7_M3	0.83
b4693	UNCLASSIFIED	NA
b4696_1	UNCLASSIFIED	NA
b4696_2	UNCLASSIFIED	NA
b4705	UNCLASSIFIED	NA
